-- =======================================================
-- SEED DATA SCRIPT FOR TASK MANAGEMENT DATABASE
-- Generates at least 20 rows per table with explicit FKs
-- =======================================================

-- Users
INSERT INTO Users (Id, Email, PasswordHash, FullName, IsActive, CreatedAt, UpdatedAt) VALUES ('111111110000-0000-0000-0000-000000000001', 'user1@test.com', 'hash1', 'User 1', 1, GETDATE(), GETDATE());
INSERT INTO Users (Id, Email, PasswordHash, FullName, IsActive, CreatedAt, UpdatedAt) VALUES ('111111110000-0000-0000-0000-000000000002', 'user2@test.com', 'hash2', 'User 2', 1, GETDATE(), GETDATE());
INSERT INTO Users (Id, Email, PasswordHash, FullName, IsActive, CreatedAt, UpdatedAt) VALUES ('111111110000-0000-0000-0000-000000000003', 'user3@test.com', 'hash3', 'User 3', 1, GETDATE(), GETDATE());
INSERT INTO Users (Id, Email, PasswordHash, FullName, IsActive, CreatedAt, UpdatedAt) VALUES ('111111110000-0000-0000-0000-000000000004', 'user4@test.com', 'hash4', 'User 4', 1, GETDATE(), GETDATE());
INSERT INTO Users (Id, Email, PasswordHash, FullName, IsActive, CreatedAt, UpdatedAt) VALUES ('111111110000-0000-0000-0000-000000000005', 'user5@test.com', 'hash5', 'User 5', 1, GETDATE(), GETDATE());
INSERT INTO Users (Id, Email, PasswordHash, FullName, IsActive, CreatedAt, UpdatedAt) VALUES ('111111110000-0000-0000-0000-000000000006', 'user6@test.com', 'hash6', 'User 6', 1, GETDATE(), GETDATE());
INSERT INTO Users (Id, Email, PasswordHash, FullName, IsActive, CreatedAt, UpdatedAt) VALUES ('111111110000-0000-0000-0000-000000000007', 'user7@test.com', 'hash7', 'User 7', 1, GETDATE(), GETDATE());
INSERT INTO Users (Id, Email, PasswordHash, FullName, IsActive, CreatedAt, UpdatedAt) VALUES ('111111110000-0000-0000-0000-000000000008', 'user8@test.com', 'hash8', 'User 8', 1, GETDATE(), GETDATE());
INSERT INTO Users (Id, Email, PasswordHash, FullName, IsActive, CreatedAt, UpdatedAt) VALUES ('111111110000-0000-0000-0000-000000000009', 'user9@test.com', 'hash9', 'User 9', 1, GETDATE(), GETDATE());
INSERT INTO Users (Id, Email, PasswordHash, FullName, IsActive, CreatedAt, UpdatedAt) VALUES ('111111110000-0000-0000-0000-00000000000a', 'user10@test.com', 'hash10', 'User 10', 1, GETDATE(), GETDATE());
INSERT INTO Users (Id, Email, PasswordHash, FullName, IsActive, CreatedAt, UpdatedAt) VALUES ('111111110000-0000-0000-0000-00000000000b', 'user11@test.com', 'hash11', 'User 11', 1, GETDATE(), GETDATE());
INSERT INTO Users (Id, Email, PasswordHash, FullName, IsActive, CreatedAt, UpdatedAt) VALUES ('111111110000-0000-0000-0000-00000000000c', 'user12@test.com', 'hash12', 'User 12', 1, GETDATE(), GETDATE());
INSERT INTO Users (Id, Email, PasswordHash, FullName, IsActive, CreatedAt, UpdatedAt) VALUES ('111111110000-0000-0000-0000-00000000000d', 'user13@test.com', 'hash13', 'User 13', 1, GETDATE(), GETDATE());
INSERT INTO Users (Id, Email, PasswordHash, FullName, IsActive, CreatedAt, UpdatedAt) VALUES ('111111110000-0000-0000-0000-00000000000e', 'user14@test.com', 'hash14', 'User 14', 1, GETDATE(), GETDATE());
INSERT INTO Users (Id, Email, PasswordHash, FullName, IsActive, CreatedAt, UpdatedAt) VALUES ('111111110000-0000-0000-0000-00000000000f', 'user15@test.com', 'hash15', 'User 15', 1, GETDATE(), GETDATE());
INSERT INTO Users (Id, Email, PasswordHash, FullName, IsActive, CreatedAt, UpdatedAt) VALUES ('111111110000-0000-0000-0000-000000000010', 'user16@test.com', 'hash16', 'User 16', 1, GETDATE(), GETDATE());
INSERT INTO Users (Id, Email, PasswordHash, FullName, IsActive, CreatedAt, UpdatedAt) VALUES ('111111110000-0000-0000-0000-000000000011', 'user17@test.com', 'hash17', 'User 17', 1, GETDATE(), GETDATE());
INSERT INTO Users (Id, Email, PasswordHash, FullName, IsActive, CreatedAt, UpdatedAt) VALUES ('111111110000-0000-0000-0000-000000000012', 'user18@test.com', 'hash18', 'User 18', 1, GETDATE(), GETDATE());
INSERT INTO Users (Id, Email, PasswordHash, FullName, IsActive, CreatedAt, UpdatedAt) VALUES ('111111110000-0000-0000-0000-000000000013', 'user19@test.com', 'hash19', 'User 19', 1, GETDATE(), GETDATE());
INSERT INTO Users (Id, Email, PasswordHash, FullName, IsActive, CreatedAt, UpdatedAt) VALUES ('111111110000-0000-0000-0000-000000000014', 'user20@test.com', 'hash20', 'User 20', 1, GETDATE(), GETDATE());

-- Roles
INSERT INTO Roles (Id, Name, Description) VALUES ('222222220000-0000-0000-0000-000000000001', 'PM', 'Description for PM');
INSERT INTO Roles (Id, Name, Description) VALUES ('222222220000-0000-0000-0000-000000000002', 'PO', 'Description for PO');
INSERT INTO Roles (Id, Name, Description) VALUES ('222222220000-0000-0000-0000-000000000003', 'DEV', 'Description for DEV');
INSERT INTO Roles (Id, Name, Description) VALUES ('222222220000-0000-0000-0000-000000000004', 'SM', 'Description for SM');
INSERT INTO Roles (Id, Name, Description) VALUES ('222222220000-0000-0000-0000-000000000005', 'PA', 'Description for PA');
INSERT INTO Roles (Id, Name, Description) VALUES ('222222220000-0000-0000-0000-000000000006', 'Accountant', 'Description for Accountant');
INSERT INTO Roles (Id, Name, Description) VALUES ('222222220000-0000-0000-0000-000000000007', 'Marketing', 'Description for Marketing');
INSERT INTO Roles (Id, Name, Description) VALUES ('222222220000-0000-0000-0000-000000000008', 'System Admin', 'Description for System Admin');
INSERT INTO Roles (Id, Name, Description) VALUES ('222222220000-0000-0000-0000-000000000009', 'QA/Tester', 'Description for QA/Tester');
INSERT INTO Roles (Id, Name, Description) VALUES ('222222220000-0000-0000-0000-00000000000a', 'UI/UX Designer', 'Description for UI/UX Designer');
INSERT INTO Roles (Id, Name, Description) VALUES ('222222220000-0000-0000-0000-00000000000b', 'Stakeholder/Client', 'Description for Stakeholder/Client');
INSERT INTO Roles (Id, Name, Description) VALUES ('222222220000-0000-0000-0000-00000000000c', 'DevOps / Deployment', 'Description for DevOps / Deployment');
INSERT INTO Roles (Id, Name, Description) VALUES ('222222220000-0000-0000-0000-00000000000d', 'HR Manager', 'Description for HR Manager');
INSERT INTO Roles (Id, Name, Description) VALUES ('222222220000-0000-0000-0000-00000000000e', 'Sales Representative', 'Description for Sales Representative');
INSERT INTO Roles (Id, Name, Description) VALUES ('222222220000-0000-0000-0000-00000000000f', 'Customer Support', 'Description for Customer Support');
INSERT INTO Roles (Id, Name, Description) VALUES ('222222220000-0000-0000-0000-000000000010', 'Business Analyst', 'Description for Business Analyst');
INSERT INTO Roles (Id, Name, Description) VALUES ('222222220000-0000-0000-0000-000000000011', 'Content Writer', 'Description for Content Writer');
INSERT INTO Roles (Id, Name, Description) VALUES ('222222220000-0000-0000-0000-000000000012', 'Legal Advisor', 'Description for Legal Advisor');
INSERT INTO Roles (Id, Name, Description) VALUES ('222222220000-0000-0000-0000-000000000013', 'Data Scientist', 'Description for Data Scientist');
INSERT INTO Roles (Id, Name, Description) VALUES ('222222220000-0000-0000-0000-000000000014', 'Security Engineer', 'Description for Security Engineer');

-- UserRoles
INSERT INTO UserRoles (UserId, RoleId) VALUES ('111111110000-0000-0000-0000-000000000001', '222222220000-0000-0000-0000-000000000001');
INSERT INTO UserRoles (UserId, RoleId) VALUES ('111111110000-0000-0000-0000-000000000002', '222222220000-0000-0000-0000-000000000002');
INSERT INTO UserRoles (UserId, RoleId) VALUES ('111111110000-0000-0000-0000-000000000003', '222222220000-0000-0000-0000-000000000003');
INSERT INTO UserRoles (UserId, RoleId) VALUES ('111111110000-0000-0000-0000-000000000004', '222222220000-0000-0000-0000-000000000004');
INSERT INTO UserRoles (UserId, RoleId) VALUES ('111111110000-0000-0000-0000-000000000005', '222222220000-0000-0000-0000-000000000005');
INSERT INTO UserRoles (UserId, RoleId) VALUES ('111111110000-0000-0000-0000-000000000006', '222222220000-0000-0000-0000-000000000006');
INSERT INTO UserRoles (UserId, RoleId) VALUES ('111111110000-0000-0000-0000-000000000007', '222222220000-0000-0000-0000-000000000007');
INSERT INTO UserRoles (UserId, RoleId) VALUES ('111111110000-0000-0000-0000-000000000008', '222222220000-0000-0000-0000-000000000008');
INSERT INTO UserRoles (UserId, RoleId) VALUES ('111111110000-0000-0000-0000-000000000009', '222222220000-0000-0000-0000-000000000009');
INSERT INTO UserRoles (UserId, RoleId) VALUES ('111111110000-0000-0000-0000-00000000000a', '222222220000-0000-0000-0000-00000000000a');
INSERT INTO UserRoles (UserId, RoleId) VALUES ('111111110000-0000-0000-0000-00000000000b', '222222220000-0000-0000-0000-00000000000b');
INSERT INTO UserRoles (UserId, RoleId) VALUES ('111111110000-0000-0000-0000-00000000000c', '222222220000-0000-0000-0000-00000000000c');
INSERT INTO UserRoles (UserId, RoleId) VALUES ('111111110000-0000-0000-0000-00000000000d', '222222220000-0000-0000-0000-00000000000d');
INSERT INTO UserRoles (UserId, RoleId) VALUES ('111111110000-0000-0000-0000-00000000000e', '222222220000-0000-0000-0000-00000000000e');
INSERT INTO UserRoles (UserId, RoleId) VALUES ('111111110000-0000-0000-0000-00000000000f', '222222220000-0000-0000-0000-00000000000f');
INSERT INTO UserRoles (UserId, RoleId) VALUES ('111111110000-0000-0000-0000-000000000010', '222222220000-0000-0000-0000-000000000010');
INSERT INTO UserRoles (UserId, RoleId) VALUES ('111111110000-0000-0000-0000-000000000011', '222222220000-0000-0000-0000-000000000011');
INSERT INTO UserRoles (UserId, RoleId) VALUES ('111111110000-0000-0000-0000-000000000012', '222222220000-0000-0000-0000-000000000012');
INSERT INTO UserRoles (UserId, RoleId) VALUES ('111111110000-0000-0000-0000-000000000013', '222222220000-0000-0000-0000-000000000013');
INSERT INTO UserRoles (UserId, RoleId) VALUES ('111111110000-0000-0000-0000-000000000014', '222222220000-0000-0000-0000-000000000014');

-- Permissions
INSERT INTO Permissions (Id, Name, Code, Module) VALUES ('333333330000-0000-0000-0000-000000000001', 'Permission 1', 'PERM_1', 'Module2');
INSERT INTO Permissions (Id, Name, Code, Module) VALUES ('333333330000-0000-0000-0000-000000000002', 'Permission 2', 'PERM_2', 'Module3');
INSERT INTO Permissions (Id, Name, Code, Module) VALUES ('333333330000-0000-0000-0000-000000000003', 'Permission 3', 'PERM_3', 'Module4');
INSERT INTO Permissions (Id, Name, Code, Module) VALUES ('333333330000-0000-0000-0000-000000000004', 'Permission 4', 'PERM_4', 'Module5');
INSERT INTO Permissions (Id, Name, Code, Module) VALUES ('333333330000-0000-0000-0000-000000000005', 'Permission 5', 'PERM_5', 'Module1');
INSERT INTO Permissions (Id, Name, Code, Module) VALUES ('333333330000-0000-0000-0000-000000000006', 'Permission 6', 'PERM_6', 'Module2');
INSERT INTO Permissions (Id, Name, Code, Module) VALUES ('333333330000-0000-0000-0000-000000000007', 'Permission 7', 'PERM_7', 'Module3');
INSERT INTO Permissions (Id, Name, Code, Module) VALUES ('333333330000-0000-0000-0000-000000000008', 'Permission 8', 'PERM_8', 'Module4');
INSERT INTO Permissions (Id, Name, Code, Module) VALUES ('333333330000-0000-0000-0000-000000000009', 'Permission 9', 'PERM_9', 'Module5');
INSERT INTO Permissions (Id, Name, Code, Module) VALUES ('333333330000-0000-0000-0000-00000000000a', 'Permission 10', 'PERM_10', 'Module1');
INSERT INTO Permissions (Id, Name, Code, Module) VALUES ('333333330000-0000-0000-0000-00000000000b', 'Permission 11', 'PERM_11', 'Module2');
INSERT INTO Permissions (Id, Name, Code, Module) VALUES ('333333330000-0000-0000-0000-00000000000c', 'Permission 12', 'PERM_12', 'Module3');
INSERT INTO Permissions (Id, Name, Code, Module) VALUES ('333333330000-0000-0000-0000-00000000000d', 'Permission 13', 'PERM_13', 'Module4');
INSERT INTO Permissions (Id, Name, Code, Module) VALUES ('333333330000-0000-0000-0000-00000000000e', 'Permission 14', 'PERM_14', 'Module5');
INSERT INTO Permissions (Id, Name, Code, Module) VALUES ('333333330000-0000-0000-0000-00000000000f', 'Permission 15', 'PERM_15', 'Module1');
INSERT INTO Permissions (Id, Name, Code, Module) VALUES ('333333330000-0000-0000-0000-000000000010', 'Permission 16', 'PERM_16', 'Module2');
INSERT INTO Permissions (Id, Name, Code, Module) VALUES ('333333330000-0000-0000-0000-000000000011', 'Permission 17', 'PERM_17', 'Module3');
INSERT INTO Permissions (Id, Name, Code, Module) VALUES ('333333330000-0000-0000-0000-000000000012', 'Permission 18', 'PERM_18', 'Module4');
INSERT INTO Permissions (Id, Name, Code, Module) VALUES ('333333330000-0000-0000-0000-000000000013', 'Permission 19', 'PERM_19', 'Module5');
INSERT INTO Permissions (Id, Name, Code, Module) VALUES ('333333330000-0000-0000-0000-000000000014', 'Permission 20', 'PERM_20', 'Module1');

-- RolePermissions
INSERT INTO RolePermissions (RoleId, PermissionId) VALUES ('222222220000-0000-0000-0000-000000000001', '333333330000-0000-0000-0000-000000000001');
INSERT INTO RolePermissions (RoleId, PermissionId) VALUES ('222222220000-0000-0000-0000-000000000002', '333333330000-0000-0000-0000-000000000002');
INSERT INTO RolePermissions (RoleId, PermissionId) VALUES ('222222220000-0000-0000-0000-000000000003', '333333330000-0000-0000-0000-000000000003');
INSERT INTO RolePermissions (RoleId, PermissionId) VALUES ('222222220000-0000-0000-0000-000000000004', '333333330000-0000-0000-0000-000000000004');
INSERT INTO RolePermissions (RoleId, PermissionId) VALUES ('222222220000-0000-0000-0000-000000000005', '333333330000-0000-0000-0000-000000000005');
INSERT INTO RolePermissions (RoleId, PermissionId) VALUES ('222222220000-0000-0000-0000-000000000006', '333333330000-0000-0000-0000-000000000006');
INSERT INTO RolePermissions (RoleId, PermissionId) VALUES ('222222220000-0000-0000-0000-000000000007', '333333330000-0000-0000-0000-000000000007');
INSERT INTO RolePermissions (RoleId, PermissionId) VALUES ('222222220000-0000-0000-0000-000000000008', '333333330000-0000-0000-0000-000000000008');
INSERT INTO RolePermissions (RoleId, PermissionId) VALUES ('222222220000-0000-0000-0000-000000000009', '333333330000-0000-0000-0000-000000000009');
INSERT INTO RolePermissions (RoleId, PermissionId) VALUES ('222222220000-0000-0000-0000-00000000000a', '333333330000-0000-0000-0000-00000000000a');
INSERT INTO RolePermissions (RoleId, PermissionId) VALUES ('222222220000-0000-0000-0000-00000000000b', '333333330000-0000-0000-0000-00000000000b');
INSERT INTO RolePermissions (RoleId, PermissionId) VALUES ('222222220000-0000-0000-0000-00000000000c', '333333330000-0000-0000-0000-00000000000c');
INSERT INTO RolePermissions (RoleId, PermissionId) VALUES ('222222220000-0000-0000-0000-00000000000d', '333333330000-0000-0000-0000-00000000000d');
INSERT INTO RolePermissions (RoleId, PermissionId) VALUES ('222222220000-0000-0000-0000-00000000000e', '333333330000-0000-0000-0000-00000000000e');
INSERT INTO RolePermissions (RoleId, PermissionId) VALUES ('222222220000-0000-0000-0000-00000000000f', '333333330000-0000-0000-0000-00000000000f');
INSERT INTO RolePermissions (RoleId, PermissionId) VALUES ('222222220000-0000-0000-0000-000000000010', '333333330000-0000-0000-0000-000000000010');
INSERT INTO RolePermissions (RoleId, PermissionId) VALUES ('222222220000-0000-0000-0000-000000000011', '333333330000-0000-0000-0000-000000000011');
INSERT INTO RolePermissions (RoleId, PermissionId) VALUES ('222222220000-0000-0000-0000-000000000012', '333333330000-0000-0000-0000-000000000012');
INSERT INTO RolePermissions (RoleId, PermissionId) VALUES ('222222220000-0000-0000-0000-000000000013', '333333330000-0000-0000-0000-000000000013');
INSERT INTO RolePermissions (RoleId, PermissionId) VALUES ('222222220000-0000-0000-0000-000000000014', '333333330000-0000-0000-0000-000000000014');

-- Departments
INSERT INTO Departments (Id, Name, Description, ManagerId, CreatedAt, UpdatedAt) VALUES ('444444440000-0000-0000-0000-000000000001', 'Department 1', 'Dept Desc 1', '111111110000-0000-0000-0000-000000000001', GETDATE(), GETDATE());
INSERT INTO Departments (Id, Name, Description, ManagerId, CreatedAt, UpdatedAt) VALUES ('444444440000-0000-0000-0000-000000000002', 'Department 2', 'Dept Desc 2', '111111110000-0000-0000-0000-000000000002', GETDATE(), GETDATE());
INSERT INTO Departments (Id, Name, Description, ManagerId, CreatedAt, UpdatedAt) VALUES ('444444440000-0000-0000-0000-000000000003', 'Department 3', 'Dept Desc 3', '111111110000-0000-0000-0000-000000000003', GETDATE(), GETDATE());
INSERT INTO Departments (Id, Name, Description, ManagerId, CreatedAt, UpdatedAt) VALUES ('444444440000-0000-0000-0000-000000000004', 'Department 4', 'Dept Desc 4', '111111110000-0000-0000-0000-000000000004', GETDATE(), GETDATE());
INSERT INTO Departments (Id, Name, Description, ManagerId, CreatedAt, UpdatedAt) VALUES ('444444440000-0000-0000-0000-000000000005', 'Department 5', 'Dept Desc 5', '111111110000-0000-0000-0000-000000000005', GETDATE(), GETDATE());
INSERT INTO Departments (Id, Name, Description, ManagerId, CreatedAt, UpdatedAt) VALUES ('444444440000-0000-0000-0000-000000000006', 'Department 6', 'Dept Desc 6', '111111110000-0000-0000-0000-000000000006', GETDATE(), GETDATE());
INSERT INTO Departments (Id, Name, Description, ManagerId, CreatedAt, UpdatedAt) VALUES ('444444440000-0000-0000-0000-000000000007', 'Department 7', 'Dept Desc 7', '111111110000-0000-0000-0000-000000000007', GETDATE(), GETDATE());
INSERT INTO Departments (Id, Name, Description, ManagerId, CreatedAt, UpdatedAt) VALUES ('444444440000-0000-0000-0000-000000000008', 'Department 8', 'Dept Desc 8', '111111110000-0000-0000-0000-000000000008', GETDATE(), GETDATE());
INSERT INTO Departments (Id, Name, Description, ManagerId, CreatedAt, UpdatedAt) VALUES ('444444440000-0000-0000-0000-000000000009', 'Department 9', 'Dept Desc 9', '111111110000-0000-0000-0000-000000000009', GETDATE(), GETDATE());
INSERT INTO Departments (Id, Name, Description, ManagerId, CreatedAt, UpdatedAt) VALUES ('444444440000-0000-0000-0000-00000000000a', 'Department 10', 'Dept Desc 10', '111111110000-0000-0000-0000-00000000000a', GETDATE(), GETDATE());
INSERT INTO Departments (Id, Name, Description, ManagerId, CreatedAt, UpdatedAt) VALUES ('444444440000-0000-0000-0000-00000000000b', 'Department 11', 'Dept Desc 11', '111111110000-0000-0000-0000-00000000000b', GETDATE(), GETDATE());
INSERT INTO Departments (Id, Name, Description, ManagerId, CreatedAt, UpdatedAt) VALUES ('444444440000-0000-0000-0000-00000000000c', 'Department 12', 'Dept Desc 12', '111111110000-0000-0000-0000-00000000000c', GETDATE(), GETDATE());
INSERT INTO Departments (Id, Name, Description, ManagerId, CreatedAt, UpdatedAt) VALUES ('444444440000-0000-0000-0000-00000000000d', 'Department 13', 'Dept Desc 13', '111111110000-0000-0000-0000-00000000000d', GETDATE(), GETDATE());
INSERT INTO Departments (Id, Name, Description, ManagerId, CreatedAt, UpdatedAt) VALUES ('444444440000-0000-0000-0000-00000000000e', 'Department 14', 'Dept Desc 14', '111111110000-0000-0000-0000-00000000000e', GETDATE(), GETDATE());
INSERT INTO Departments (Id, Name, Description, ManagerId, CreatedAt, UpdatedAt) VALUES ('444444440000-0000-0000-0000-00000000000f', 'Department 15', 'Dept Desc 15', '111111110000-0000-0000-0000-00000000000f', GETDATE(), GETDATE());
INSERT INTO Departments (Id, Name, Description, ManagerId, CreatedAt, UpdatedAt) VALUES ('444444440000-0000-0000-0000-000000000010', 'Department 16', 'Dept Desc 16', '111111110000-0000-0000-0000-000000000010', GETDATE(), GETDATE());
INSERT INTO Departments (Id, Name, Description, ManagerId, CreatedAt, UpdatedAt) VALUES ('444444440000-0000-0000-0000-000000000011', 'Department 17', 'Dept Desc 17', '111111110000-0000-0000-0000-000000000011', GETDATE(), GETDATE());
INSERT INTO Departments (Id, Name, Description, ManagerId, CreatedAt, UpdatedAt) VALUES ('444444440000-0000-0000-0000-000000000012', 'Department 18', 'Dept Desc 18', '111111110000-0000-0000-0000-000000000012', GETDATE(), GETDATE());
INSERT INTO Departments (Id, Name, Description, ManagerId, CreatedAt, UpdatedAt) VALUES ('444444440000-0000-0000-0000-000000000013', 'Department 19', 'Dept Desc 19', '111111110000-0000-0000-0000-000000000013', GETDATE(), GETDATE());
INSERT INTO Departments (Id, Name, Description, ManagerId, CreatedAt, UpdatedAt) VALUES ('444444440000-0000-0000-0000-000000000014', 'Department 20', 'Dept Desc 20', '111111110000-0000-0000-0000-000000000014', GETDATE(), GETDATE());

-- DepartmentMembers
INSERT INTO DepartmentMembers (DepartmentId, UserId, JoinedAt, RoleInDepartment) VALUES ('444444440000-0000-0000-0000-000000000001', '111111110000-0000-0000-0000-000000000001', GETDATE(), 'Member');
INSERT INTO DepartmentMembers (DepartmentId, UserId, JoinedAt, RoleInDepartment) VALUES ('444444440000-0000-0000-0000-000000000002', '111111110000-0000-0000-0000-000000000002', GETDATE(), 'Member');
INSERT INTO DepartmentMembers (DepartmentId, UserId, JoinedAt, RoleInDepartment) VALUES ('444444440000-0000-0000-0000-000000000003', '111111110000-0000-0000-0000-000000000003', GETDATE(), 'Member');
INSERT INTO DepartmentMembers (DepartmentId, UserId, JoinedAt, RoleInDepartment) VALUES ('444444440000-0000-0000-0000-000000000004', '111111110000-0000-0000-0000-000000000004', GETDATE(), 'Member');
INSERT INTO DepartmentMembers (DepartmentId, UserId, JoinedAt, RoleInDepartment) VALUES ('444444440000-0000-0000-0000-000000000005', '111111110000-0000-0000-0000-000000000005', GETDATE(), 'Member');
INSERT INTO DepartmentMembers (DepartmentId, UserId, JoinedAt, RoleInDepartment) VALUES ('444444440000-0000-0000-0000-000000000006', '111111110000-0000-0000-0000-000000000006', GETDATE(), 'Member');
INSERT INTO DepartmentMembers (DepartmentId, UserId, JoinedAt, RoleInDepartment) VALUES ('444444440000-0000-0000-0000-000000000007', '111111110000-0000-0000-0000-000000000007', GETDATE(), 'Member');
INSERT INTO DepartmentMembers (DepartmentId, UserId, JoinedAt, RoleInDepartment) VALUES ('444444440000-0000-0000-0000-000000000008', '111111110000-0000-0000-0000-000000000008', GETDATE(), 'Member');
INSERT INTO DepartmentMembers (DepartmentId, UserId, JoinedAt, RoleInDepartment) VALUES ('444444440000-0000-0000-0000-000000000009', '111111110000-0000-0000-0000-000000000009', GETDATE(), 'Member');
INSERT INTO DepartmentMembers (DepartmentId, UserId, JoinedAt, RoleInDepartment) VALUES ('444444440000-0000-0000-0000-00000000000a', '111111110000-0000-0000-0000-00000000000a', GETDATE(), 'Member');
INSERT INTO DepartmentMembers (DepartmentId, UserId, JoinedAt, RoleInDepartment) VALUES ('444444440000-0000-0000-0000-00000000000b', '111111110000-0000-0000-0000-00000000000b', GETDATE(), 'Member');
INSERT INTO DepartmentMembers (DepartmentId, UserId, JoinedAt, RoleInDepartment) VALUES ('444444440000-0000-0000-0000-00000000000c', '111111110000-0000-0000-0000-00000000000c', GETDATE(), 'Member');
INSERT INTO DepartmentMembers (DepartmentId, UserId, JoinedAt, RoleInDepartment) VALUES ('444444440000-0000-0000-0000-00000000000d', '111111110000-0000-0000-0000-00000000000d', GETDATE(), 'Member');
INSERT INTO DepartmentMembers (DepartmentId, UserId, JoinedAt, RoleInDepartment) VALUES ('444444440000-0000-0000-0000-00000000000e', '111111110000-0000-0000-0000-00000000000e', GETDATE(), 'Member');
INSERT INTO DepartmentMembers (DepartmentId, UserId, JoinedAt, RoleInDepartment) VALUES ('444444440000-0000-0000-0000-00000000000f', '111111110000-0000-0000-0000-00000000000f', GETDATE(), 'Member');
INSERT INTO DepartmentMembers (DepartmentId, UserId, JoinedAt, RoleInDepartment) VALUES ('444444440000-0000-0000-0000-000000000010', '111111110000-0000-0000-0000-000000000010', GETDATE(), 'Member');
INSERT INTO DepartmentMembers (DepartmentId, UserId, JoinedAt, RoleInDepartment) VALUES ('444444440000-0000-0000-0000-000000000011', '111111110000-0000-0000-0000-000000000011', GETDATE(), 'Member');
INSERT INTO DepartmentMembers (DepartmentId, UserId, JoinedAt, RoleInDepartment) VALUES ('444444440000-0000-0000-0000-000000000012', '111111110000-0000-0000-0000-000000000012', GETDATE(), 'Member');
INSERT INTO DepartmentMembers (DepartmentId, UserId, JoinedAt, RoleInDepartment) VALUES ('444444440000-0000-0000-0000-000000000013', '111111110000-0000-0000-0000-000000000013', GETDATE(), 'Member');
INSERT INTO DepartmentMembers (DepartmentId, UserId, JoinedAt, RoleInDepartment) VALUES ('444444440000-0000-0000-0000-000000000014', '111111110000-0000-0000-0000-000000000014', GETDATE(), 'Member');

-- Projects
INSERT INTO Projects (Id, Name, Description, Status, CreatorId, CreatedAt, UpdatedAt) VALUES ('555555550000-0000-0000-0000-000000000001', 'Project 1', 'Proj Desc 1', 1, '111111110000-0000-0000-0000-000000000001', GETDATE(), GETDATE());
INSERT INTO Projects (Id, Name, Description, Status, CreatorId, CreatedAt, UpdatedAt) VALUES ('555555550000-0000-0000-0000-000000000002', 'Project 2', 'Proj Desc 2', 2, '111111110000-0000-0000-0000-000000000002', GETDATE(), GETDATE());
INSERT INTO Projects (Id, Name, Description, Status, CreatorId, CreatedAt, UpdatedAt) VALUES ('555555550000-0000-0000-0000-000000000003', 'Project 3', 'Proj Desc 3', 0, '111111110000-0000-0000-0000-000000000003', GETDATE(), GETDATE());
INSERT INTO Projects (Id, Name, Description, Status, CreatorId, CreatedAt, UpdatedAt) VALUES ('555555550000-0000-0000-0000-000000000004', 'Project 4', 'Proj Desc 4', 1, '111111110000-0000-0000-0000-000000000004', GETDATE(), GETDATE());
INSERT INTO Projects (Id, Name, Description, Status, CreatorId, CreatedAt, UpdatedAt) VALUES ('555555550000-0000-0000-0000-000000000005', 'Project 5', 'Proj Desc 5', 2, '111111110000-0000-0000-0000-000000000005', GETDATE(), GETDATE());
INSERT INTO Projects (Id, Name, Description, Status, CreatorId, CreatedAt, UpdatedAt) VALUES ('555555550000-0000-0000-0000-000000000006', 'Project 6', 'Proj Desc 6', 0, '111111110000-0000-0000-0000-000000000006', GETDATE(), GETDATE());
INSERT INTO Projects (Id, Name, Description, Status, CreatorId, CreatedAt, UpdatedAt) VALUES ('555555550000-0000-0000-0000-000000000007', 'Project 7', 'Proj Desc 7', 1, '111111110000-0000-0000-0000-000000000007', GETDATE(), GETDATE());
INSERT INTO Projects (Id, Name, Description, Status, CreatorId, CreatedAt, UpdatedAt) VALUES ('555555550000-0000-0000-0000-000000000008', 'Project 8', 'Proj Desc 8', 2, '111111110000-0000-0000-0000-000000000008', GETDATE(), GETDATE());
INSERT INTO Projects (Id, Name, Description, Status, CreatorId, CreatedAt, UpdatedAt) VALUES ('555555550000-0000-0000-0000-000000000009', 'Project 9', 'Proj Desc 9', 0, '111111110000-0000-0000-0000-000000000009', GETDATE(), GETDATE());
INSERT INTO Projects (Id, Name, Description, Status, CreatorId, CreatedAt, UpdatedAt) VALUES ('555555550000-0000-0000-0000-00000000000a', 'Project 10', 'Proj Desc 10', 1, '111111110000-0000-0000-0000-00000000000a', GETDATE(), GETDATE());
INSERT INTO Projects (Id, Name, Description, Status, CreatorId, CreatedAt, UpdatedAt) VALUES ('555555550000-0000-0000-0000-00000000000b', 'Project 11', 'Proj Desc 11', 2, '111111110000-0000-0000-0000-00000000000b', GETDATE(), GETDATE());
INSERT INTO Projects (Id, Name, Description, Status, CreatorId, CreatedAt, UpdatedAt) VALUES ('555555550000-0000-0000-0000-00000000000c', 'Project 12', 'Proj Desc 12', 0, '111111110000-0000-0000-0000-00000000000c', GETDATE(), GETDATE());
INSERT INTO Projects (Id, Name, Description, Status, CreatorId, CreatedAt, UpdatedAt) VALUES ('555555550000-0000-0000-0000-00000000000d', 'Project 13', 'Proj Desc 13', 1, '111111110000-0000-0000-0000-00000000000d', GETDATE(), GETDATE());
INSERT INTO Projects (Id, Name, Description, Status, CreatorId, CreatedAt, UpdatedAt) VALUES ('555555550000-0000-0000-0000-00000000000e', 'Project 14', 'Proj Desc 14', 2, '111111110000-0000-0000-0000-00000000000e', GETDATE(), GETDATE());
INSERT INTO Projects (Id, Name, Description, Status, CreatorId, CreatedAt, UpdatedAt) VALUES ('555555550000-0000-0000-0000-00000000000f', 'Project 15', 'Proj Desc 15', 0, '111111110000-0000-0000-0000-00000000000f', GETDATE(), GETDATE());
INSERT INTO Projects (Id, Name, Description, Status, CreatorId, CreatedAt, UpdatedAt) VALUES ('555555550000-0000-0000-0000-000000000010', 'Project 16', 'Proj Desc 16', 1, '111111110000-0000-0000-0000-000000000010', GETDATE(), GETDATE());
INSERT INTO Projects (Id, Name, Description, Status, CreatorId, CreatedAt, UpdatedAt) VALUES ('555555550000-0000-0000-0000-000000000011', 'Project 17', 'Proj Desc 17', 2, '111111110000-0000-0000-0000-000000000011', GETDATE(), GETDATE());
INSERT INTO Projects (Id, Name, Description, Status, CreatorId, CreatedAt, UpdatedAt) VALUES ('555555550000-0000-0000-0000-000000000012', 'Project 18', 'Proj Desc 18', 0, '111111110000-0000-0000-0000-000000000012', GETDATE(), GETDATE());
INSERT INTO Projects (Id, Name, Description, Status, CreatorId, CreatedAt, UpdatedAt) VALUES ('555555550000-0000-0000-0000-000000000013', 'Project 19', 'Proj Desc 19', 1, '111111110000-0000-0000-0000-000000000013', GETDATE(), GETDATE());
INSERT INTO Projects (Id, Name, Description, Status, CreatorId, CreatedAt, UpdatedAt) VALUES ('555555550000-0000-0000-0000-000000000014', 'Project 20', 'Proj Desc 20', 2, '111111110000-0000-0000-0000-000000000014', GETDATE(), GETDATE());

-- ProjectMembers
INSERT INTO ProjectMembers (ProjectId, UserId, RoleInProject, JoinedAt) VALUES ('555555550000-0000-0000-0000-000000000001', '111111110000-0000-0000-0000-000000000001', 'Developer', GETDATE());
INSERT INTO ProjectMembers (ProjectId, UserId, RoleInProject, JoinedAt) VALUES ('555555550000-0000-0000-0000-000000000002', '111111110000-0000-0000-0000-000000000002', 'Developer', GETDATE());
INSERT INTO ProjectMembers (ProjectId, UserId, RoleInProject, JoinedAt) VALUES ('555555550000-0000-0000-0000-000000000003', '111111110000-0000-0000-0000-000000000003', 'Developer', GETDATE());
INSERT INTO ProjectMembers (ProjectId, UserId, RoleInProject, JoinedAt) VALUES ('555555550000-0000-0000-0000-000000000004', '111111110000-0000-0000-0000-000000000004', 'Developer', GETDATE());
INSERT INTO ProjectMembers (ProjectId, UserId, RoleInProject, JoinedAt) VALUES ('555555550000-0000-0000-0000-000000000005', '111111110000-0000-0000-0000-000000000005', 'Developer', GETDATE());
INSERT INTO ProjectMembers (ProjectId, UserId, RoleInProject, JoinedAt) VALUES ('555555550000-0000-0000-0000-000000000006', '111111110000-0000-0000-0000-000000000006', 'Developer', GETDATE());
INSERT INTO ProjectMembers (ProjectId, UserId, RoleInProject, JoinedAt) VALUES ('555555550000-0000-0000-0000-000000000007', '111111110000-0000-0000-0000-000000000007', 'Developer', GETDATE());
INSERT INTO ProjectMembers (ProjectId, UserId, RoleInProject, JoinedAt) VALUES ('555555550000-0000-0000-0000-000000000008', '111111110000-0000-0000-0000-000000000008', 'Developer', GETDATE());
INSERT INTO ProjectMembers (ProjectId, UserId, RoleInProject, JoinedAt) VALUES ('555555550000-0000-0000-0000-000000000009', '111111110000-0000-0000-0000-000000000009', 'Developer', GETDATE());
INSERT INTO ProjectMembers (ProjectId, UserId, RoleInProject, JoinedAt) VALUES ('555555550000-0000-0000-0000-00000000000a', '111111110000-0000-0000-0000-00000000000a', 'Developer', GETDATE());
INSERT INTO ProjectMembers (ProjectId, UserId, RoleInProject, JoinedAt) VALUES ('555555550000-0000-0000-0000-00000000000b', '111111110000-0000-0000-0000-00000000000b', 'Developer', GETDATE());
INSERT INTO ProjectMembers (ProjectId, UserId, RoleInProject, JoinedAt) VALUES ('555555550000-0000-0000-0000-00000000000c', '111111110000-0000-0000-0000-00000000000c', 'Developer', GETDATE());
INSERT INTO ProjectMembers (ProjectId, UserId, RoleInProject, JoinedAt) VALUES ('555555550000-0000-0000-0000-00000000000d', '111111110000-0000-0000-0000-00000000000d', 'Developer', GETDATE());
INSERT INTO ProjectMembers (ProjectId, UserId, RoleInProject, JoinedAt) VALUES ('555555550000-0000-0000-0000-00000000000e', '111111110000-0000-0000-0000-00000000000e', 'Developer', GETDATE());
INSERT INTO ProjectMembers (ProjectId, UserId, RoleInProject, JoinedAt) VALUES ('555555550000-0000-0000-0000-00000000000f', '111111110000-0000-0000-0000-00000000000f', 'Developer', GETDATE());
INSERT INTO ProjectMembers (ProjectId, UserId, RoleInProject, JoinedAt) VALUES ('555555550000-0000-0000-0000-000000000010', '111111110000-0000-0000-0000-000000000010', 'Developer', GETDATE());
INSERT INTO ProjectMembers (ProjectId, UserId, RoleInProject, JoinedAt) VALUES ('555555550000-0000-0000-0000-000000000011', '111111110000-0000-0000-0000-000000000011', 'Developer', GETDATE());
INSERT INTO ProjectMembers (ProjectId, UserId, RoleInProject, JoinedAt) VALUES ('555555550000-0000-0000-0000-000000000012', '111111110000-0000-0000-0000-000000000012', 'Developer', GETDATE());
INSERT INTO ProjectMembers (ProjectId, UserId, RoleInProject, JoinedAt) VALUES ('555555550000-0000-0000-0000-000000000013', '111111110000-0000-0000-0000-000000000013', 'Developer', GETDATE());
INSERT INTO ProjectMembers (ProjectId, UserId, RoleInProject, JoinedAt) VALUES ('555555550000-0000-0000-0000-000000000014', '111111110000-0000-0000-0000-000000000014', 'Developer', GETDATE());

-- Sprints
INSERT INTO Sprints (Id, Name, StartDate, EndDate, Goal, ProjectId, Status, CreatedAt, UpdatedAt) VALUES ('666666660000-0000-0000-0000-000000000001', 'Sprint 1', GETDATE(), DATEADD(day, 14, GETDATE()), 'Goal 1', '555555550000-0000-0000-0000-000000000001', 1, GETDATE(), GETDATE());
INSERT INTO Sprints (Id, Name, StartDate, EndDate, Goal, ProjectId, Status, CreatedAt, UpdatedAt) VALUES ('666666660000-0000-0000-0000-000000000002', 'Sprint 2', GETDATE(), DATEADD(day, 14, GETDATE()), 'Goal 2', '555555550000-0000-0000-0000-000000000002', 0, GETDATE(), GETDATE());
INSERT INTO Sprints (Id, Name, StartDate, EndDate, Goal, ProjectId, Status, CreatedAt, UpdatedAt) VALUES ('666666660000-0000-0000-0000-000000000003', 'Sprint 3', GETDATE(), DATEADD(day, 14, GETDATE()), 'Goal 3', '555555550000-0000-0000-0000-000000000003', 1, GETDATE(), GETDATE());
INSERT INTO Sprints (Id, Name, StartDate, EndDate, Goal, ProjectId, Status, CreatedAt, UpdatedAt) VALUES ('666666660000-0000-0000-0000-000000000004', 'Sprint 4', GETDATE(), DATEADD(day, 14, GETDATE()), 'Goal 4', '555555550000-0000-0000-0000-000000000004', 0, GETDATE(), GETDATE());
INSERT INTO Sprints (Id, Name, StartDate, EndDate, Goal, ProjectId, Status, CreatedAt, UpdatedAt) VALUES ('666666660000-0000-0000-0000-000000000005', 'Sprint 5', GETDATE(), DATEADD(day, 14, GETDATE()), 'Goal 5', '555555550000-0000-0000-0000-000000000005', 1, GETDATE(), GETDATE());
INSERT INTO Sprints (Id, Name, StartDate, EndDate, Goal, ProjectId, Status, CreatedAt, UpdatedAt) VALUES ('666666660000-0000-0000-0000-000000000006', 'Sprint 6', GETDATE(), DATEADD(day, 14, GETDATE()), 'Goal 6', '555555550000-0000-0000-0000-000000000006', 0, GETDATE(), GETDATE());
INSERT INTO Sprints (Id, Name, StartDate, EndDate, Goal, ProjectId, Status, CreatedAt, UpdatedAt) VALUES ('666666660000-0000-0000-0000-000000000007', 'Sprint 7', GETDATE(), DATEADD(day, 14, GETDATE()), 'Goal 7', '555555550000-0000-0000-0000-000000000007', 1, GETDATE(), GETDATE());
INSERT INTO Sprints (Id, Name, StartDate, EndDate, Goal, ProjectId, Status, CreatedAt, UpdatedAt) VALUES ('666666660000-0000-0000-0000-000000000008', 'Sprint 8', GETDATE(), DATEADD(day, 14, GETDATE()), 'Goal 8', '555555550000-0000-0000-0000-000000000008', 0, GETDATE(), GETDATE());
INSERT INTO Sprints (Id, Name, StartDate, EndDate, Goal, ProjectId, Status, CreatedAt, UpdatedAt) VALUES ('666666660000-0000-0000-0000-000000000009', 'Sprint 9', GETDATE(), DATEADD(day, 14, GETDATE()), 'Goal 9', '555555550000-0000-0000-0000-000000000009', 1, GETDATE(), GETDATE());
INSERT INTO Sprints (Id, Name, StartDate, EndDate, Goal, ProjectId, Status, CreatedAt, UpdatedAt) VALUES ('666666660000-0000-0000-0000-00000000000a', 'Sprint 10', GETDATE(), DATEADD(day, 14, GETDATE()), 'Goal 10', '555555550000-0000-0000-0000-00000000000a', 0, GETDATE(), GETDATE());
INSERT INTO Sprints (Id, Name, StartDate, EndDate, Goal, ProjectId, Status, CreatedAt, UpdatedAt) VALUES ('666666660000-0000-0000-0000-00000000000b', 'Sprint 11', GETDATE(), DATEADD(day, 14, GETDATE()), 'Goal 11', '555555550000-0000-0000-0000-00000000000b', 1, GETDATE(), GETDATE());
INSERT INTO Sprints (Id, Name, StartDate, EndDate, Goal, ProjectId, Status, CreatedAt, UpdatedAt) VALUES ('666666660000-0000-0000-0000-00000000000c', 'Sprint 12', GETDATE(), DATEADD(day, 14, GETDATE()), 'Goal 12', '555555550000-0000-0000-0000-00000000000c', 0, GETDATE(), GETDATE());
INSERT INTO Sprints (Id, Name, StartDate, EndDate, Goal, ProjectId, Status, CreatedAt, UpdatedAt) VALUES ('666666660000-0000-0000-0000-00000000000d', 'Sprint 13', GETDATE(), DATEADD(day, 14, GETDATE()), 'Goal 13', '555555550000-0000-0000-0000-00000000000d', 1, GETDATE(), GETDATE());
INSERT INTO Sprints (Id, Name, StartDate, EndDate, Goal, ProjectId, Status, CreatedAt, UpdatedAt) VALUES ('666666660000-0000-0000-0000-00000000000e', 'Sprint 14', GETDATE(), DATEADD(day, 14, GETDATE()), 'Goal 14', '555555550000-0000-0000-0000-00000000000e', 0, GETDATE(), GETDATE());
INSERT INTO Sprints (Id, Name, StartDate, EndDate, Goal, ProjectId, Status, CreatedAt, UpdatedAt) VALUES ('666666660000-0000-0000-0000-00000000000f', 'Sprint 15', GETDATE(), DATEADD(day, 14, GETDATE()), 'Goal 15', '555555550000-0000-0000-0000-00000000000f', 1, GETDATE(), GETDATE());
INSERT INTO Sprints (Id, Name, StartDate, EndDate, Goal, ProjectId, Status, CreatedAt, UpdatedAt) VALUES ('666666660000-0000-0000-0000-000000000010', 'Sprint 16', GETDATE(), DATEADD(day, 14, GETDATE()), 'Goal 16', '555555550000-0000-0000-0000-000000000010', 0, GETDATE(), GETDATE());
INSERT INTO Sprints (Id, Name, StartDate, EndDate, Goal, ProjectId, Status, CreatedAt, UpdatedAt) VALUES ('666666660000-0000-0000-0000-000000000011', 'Sprint 17', GETDATE(), DATEADD(day, 14, GETDATE()), 'Goal 17', '555555550000-0000-0000-0000-000000000011', 1, GETDATE(), GETDATE());
INSERT INTO Sprints (Id, Name, StartDate, EndDate, Goal, ProjectId, Status, CreatedAt, UpdatedAt) VALUES ('666666660000-0000-0000-0000-000000000012', 'Sprint 18', GETDATE(), DATEADD(day, 14, GETDATE()), 'Goal 18', '555555550000-0000-0000-0000-000000000012', 0, GETDATE(), GETDATE());
INSERT INTO Sprints (Id, Name, StartDate, EndDate, Goal, ProjectId, Status, CreatedAt, UpdatedAt) VALUES ('666666660000-0000-0000-0000-000000000013', 'Sprint 19', GETDATE(), DATEADD(day, 14, GETDATE()), 'Goal 19', '555555550000-0000-0000-0000-000000000013', 1, GETDATE(), GETDATE());
INSERT INTO Sprints (Id, Name, StartDate, EndDate, Goal, ProjectId, Status, CreatedAt, UpdatedAt) VALUES ('666666660000-0000-0000-0000-000000000014', 'Sprint 20', GETDATE(), DATEADD(day, 14, GETDATE()), 'Goal 20', '555555550000-0000-0000-0000-000000000014', 0, GETDATE(), GETDATE());

-- TaskTypes
INSERT INTO TaskTypes (Id, Name, ColorCode, Icon, ProjectId) VALUES ('777777770000-0000-0000-0000-000000000001', 'Type 1', '#FFFFFF', 'icon-1', '555555550000-0000-0000-0000-000000000001');
INSERT INTO TaskTypes (Id, Name, ColorCode, Icon, ProjectId) VALUES ('777777770000-0000-0000-0000-000000000002', 'Type 2', '#FFFFFF', 'icon-2', '555555550000-0000-0000-0000-000000000002');
INSERT INTO TaskTypes (Id, Name, ColorCode, Icon, ProjectId) VALUES ('777777770000-0000-0000-0000-000000000003', 'Type 3', '#FFFFFF', 'icon-3', '555555550000-0000-0000-0000-000000000003');
INSERT INTO TaskTypes (Id, Name, ColorCode, Icon, ProjectId) VALUES ('777777770000-0000-0000-0000-000000000004', 'Type 4', '#FFFFFF', 'icon-4', '555555550000-0000-0000-0000-000000000004');
INSERT INTO TaskTypes (Id, Name, ColorCode, Icon, ProjectId) VALUES ('777777770000-0000-0000-0000-000000000005', 'Type 5', '#FFFFFF', 'icon-5', '555555550000-0000-0000-0000-000000000005');
INSERT INTO TaskTypes (Id, Name, ColorCode, Icon, ProjectId) VALUES ('777777770000-0000-0000-0000-000000000006', 'Type 6', '#FFFFFF', 'icon-6', '555555550000-0000-0000-0000-000000000006');
INSERT INTO TaskTypes (Id, Name, ColorCode, Icon, ProjectId) VALUES ('777777770000-0000-0000-0000-000000000007', 'Type 7', '#FFFFFF', 'icon-7', '555555550000-0000-0000-0000-000000000007');
INSERT INTO TaskTypes (Id, Name, ColorCode, Icon, ProjectId) VALUES ('777777770000-0000-0000-0000-000000000008', 'Type 8', '#FFFFFF', 'icon-8', '555555550000-0000-0000-0000-000000000008');
INSERT INTO TaskTypes (Id, Name, ColorCode, Icon, ProjectId) VALUES ('777777770000-0000-0000-0000-000000000009', 'Type 9', '#FFFFFF', 'icon-9', '555555550000-0000-0000-0000-000000000009');
INSERT INTO TaskTypes (Id, Name, ColorCode, Icon, ProjectId) VALUES ('777777770000-0000-0000-0000-00000000000a', 'Type 10', '#FFFFFF', 'icon-10', '555555550000-0000-0000-0000-00000000000a');
INSERT INTO TaskTypes (Id, Name, ColorCode, Icon, ProjectId) VALUES ('777777770000-0000-0000-0000-00000000000b', 'Type 11', '#FFFFFF', 'icon-11', '555555550000-0000-0000-0000-00000000000b');
INSERT INTO TaskTypes (Id, Name, ColorCode, Icon, ProjectId) VALUES ('777777770000-0000-0000-0000-00000000000c', 'Type 12', '#FFFFFF', 'icon-12', '555555550000-0000-0000-0000-00000000000c');
INSERT INTO TaskTypes (Id, Name, ColorCode, Icon, ProjectId) VALUES ('777777770000-0000-0000-0000-00000000000d', 'Type 13', '#FFFFFF', 'icon-13', '555555550000-0000-0000-0000-00000000000d');
INSERT INTO TaskTypes (Id, Name, ColorCode, Icon, ProjectId) VALUES ('777777770000-0000-0000-0000-00000000000e', 'Type 14', '#FFFFFF', 'icon-14', '555555550000-0000-0000-0000-00000000000e');
INSERT INTO TaskTypes (Id, Name, ColorCode, Icon, ProjectId) VALUES ('777777770000-0000-0000-0000-00000000000f', 'Type 15', '#FFFFFF', 'icon-15', '555555550000-0000-0000-0000-00000000000f');
INSERT INTO TaskTypes (Id, Name, ColorCode, Icon, ProjectId) VALUES ('777777770000-0000-0000-0000-000000000010', 'Type 16', '#FFFFFF', 'icon-16', '555555550000-0000-0000-0000-000000000010');
INSERT INTO TaskTypes (Id, Name, ColorCode, Icon, ProjectId) VALUES ('777777770000-0000-0000-0000-000000000011', 'Type 17', '#FFFFFF', 'icon-17', '555555550000-0000-0000-0000-000000000011');
INSERT INTO TaskTypes (Id, Name, ColorCode, Icon, ProjectId) VALUES ('777777770000-0000-0000-0000-000000000012', 'Type 18', '#FFFFFF', 'icon-18', '555555550000-0000-0000-0000-000000000012');
INSERT INTO TaskTypes (Id, Name, ColorCode, Icon, ProjectId) VALUES ('777777770000-0000-0000-0000-000000000013', 'Type 19', '#FFFFFF', 'icon-19', '555555550000-0000-0000-0000-000000000013');
INSERT INTO TaskTypes (Id, Name, ColorCode, Icon, ProjectId) VALUES ('777777770000-0000-0000-0000-000000000014', 'Type 20', '#FFFFFF', 'icon-20', '555555550000-0000-0000-0000-000000000014');

-- TaskStatuses
INSERT INTO TaskStatuses (Id, Name, ColorCode, Position, ProjectId) VALUES ('888888880000-0000-0000-0000-000000000001', 'Status 1', '#000000', 1, '555555550000-0000-0000-0000-000000000001');
INSERT INTO TaskStatuses (Id, Name, ColorCode, Position, ProjectId) VALUES ('888888880000-0000-0000-0000-000000000002', 'Status 2', '#000000', 2, '555555550000-0000-0000-0000-000000000002');
INSERT INTO TaskStatuses (Id, Name, ColorCode, Position, ProjectId) VALUES ('888888880000-0000-0000-0000-000000000003', 'Status 3', '#000000', 3, '555555550000-0000-0000-0000-000000000003');
INSERT INTO TaskStatuses (Id, Name, ColorCode, Position, ProjectId) VALUES ('888888880000-0000-0000-0000-000000000004', 'Status 4', '#000000', 4, '555555550000-0000-0000-0000-000000000004');
INSERT INTO TaskStatuses (Id, Name, ColorCode, Position, ProjectId) VALUES ('888888880000-0000-0000-0000-000000000005', 'Status 5', '#000000', 5, '555555550000-0000-0000-0000-000000000005');
INSERT INTO TaskStatuses (Id, Name, ColorCode, Position, ProjectId) VALUES ('888888880000-0000-0000-0000-000000000006', 'Status 6', '#000000', 6, '555555550000-0000-0000-0000-000000000006');
INSERT INTO TaskStatuses (Id, Name, ColorCode, Position, ProjectId) VALUES ('888888880000-0000-0000-0000-000000000007', 'Status 7', '#000000', 7, '555555550000-0000-0000-0000-000000000007');
INSERT INTO TaskStatuses (Id, Name, ColorCode, Position, ProjectId) VALUES ('888888880000-0000-0000-0000-000000000008', 'Status 8', '#000000', 8, '555555550000-0000-0000-0000-000000000008');
INSERT INTO TaskStatuses (Id, Name, ColorCode, Position, ProjectId) VALUES ('888888880000-0000-0000-0000-000000000009', 'Status 9', '#000000', 9, '555555550000-0000-0000-0000-000000000009');
INSERT INTO TaskStatuses (Id, Name, ColorCode, Position, ProjectId) VALUES ('888888880000-0000-0000-0000-00000000000a', 'Status 10', '#000000', 10, '555555550000-0000-0000-0000-00000000000a');
INSERT INTO TaskStatuses (Id, Name, ColorCode, Position, ProjectId) VALUES ('888888880000-0000-0000-0000-00000000000b', 'Status 11', '#000000', 11, '555555550000-0000-0000-0000-00000000000b');
INSERT INTO TaskStatuses (Id, Name, ColorCode, Position, ProjectId) VALUES ('888888880000-0000-0000-0000-00000000000c', 'Status 12', '#000000', 12, '555555550000-0000-0000-0000-00000000000c');
INSERT INTO TaskStatuses (Id, Name, ColorCode, Position, ProjectId) VALUES ('888888880000-0000-0000-0000-00000000000d', 'Status 13', '#000000', 13, '555555550000-0000-0000-0000-00000000000d');
INSERT INTO TaskStatuses (Id, Name, ColorCode, Position, ProjectId) VALUES ('888888880000-0000-0000-0000-00000000000e', 'Status 14', '#000000', 14, '555555550000-0000-0000-0000-00000000000e');
INSERT INTO TaskStatuses (Id, Name, ColorCode, Position, ProjectId) VALUES ('888888880000-0000-0000-0000-00000000000f', 'Status 15', '#000000', 15, '555555550000-0000-0000-0000-00000000000f');
INSERT INTO TaskStatuses (Id, Name, ColorCode, Position, ProjectId) VALUES ('888888880000-0000-0000-0000-000000000010', 'Status 16', '#000000', 16, '555555550000-0000-0000-0000-000000000010');
INSERT INTO TaskStatuses (Id, Name, ColorCode, Position, ProjectId) VALUES ('888888880000-0000-0000-0000-000000000011', 'Status 17', '#000000', 17, '555555550000-0000-0000-0000-000000000011');
INSERT INTO TaskStatuses (Id, Name, ColorCode, Position, ProjectId) VALUES ('888888880000-0000-0000-0000-000000000012', 'Status 18', '#000000', 18, '555555550000-0000-0000-0000-000000000012');
INSERT INTO TaskStatuses (Id, Name, ColorCode, Position, ProjectId) VALUES ('888888880000-0000-0000-0000-000000000013', 'Status 19', '#000000', 19, '555555550000-0000-0000-0000-000000000013');
INSERT INTO TaskStatuses (Id, Name, ColorCode, Position, ProjectId) VALUES ('888888880000-0000-0000-0000-000000000014', 'Status 20', '#000000', 20, '555555550000-0000-0000-0000-000000000014');

-- WorkTasks
INSERT INTO WorkTasks (Id, Title, Description, Priority, StoryPoints, StartDate, DueDate, IsCompleted, ProjectId, SprintId, TaskTypeId, TaskStatusId, ReporterId, OriginalEstimate, RemainingEstimate, TimeSpent, CreatedAt, UpdatedAt) VALUES ('999999990000-0000-0000-0000-000000000001', 'Task 1', 'Desc 1', 1, 1, GETDATE(), DATEADD(day, 5, GETDATE()), 0, '555555550000-0000-0000-0000-000000000002', '666666660000-0000-0000-0000-000000000002', '777777770000-0000-0000-0000-000000000002', '888888880000-0000-0000-0000-000000000002', '111111110000-0000-0000-0000-000000000002', 8, 4, 4, GETDATE(), GETDATE());
INSERT INTO WorkTasks (Id, Title, Description, Priority, StoryPoints, StartDate, DueDate, IsCompleted, ProjectId, SprintId, TaskTypeId, TaskStatusId, ReporterId, OriginalEstimate, RemainingEstimate, TimeSpent, CreatedAt, UpdatedAt) VALUES ('999999990000-0000-0000-0000-000000000002', 'Task 2', 'Desc 2', 2, 2, GETDATE(), DATEADD(day, 5, GETDATE()), 0, '555555550000-0000-0000-0000-000000000003', '666666660000-0000-0000-0000-000000000003', '777777770000-0000-0000-0000-000000000003', '888888880000-0000-0000-0000-000000000003', '111111110000-0000-0000-0000-000000000003', 8, 4, 4, GETDATE(), GETDATE());
INSERT INTO WorkTasks (Id, Title, Description, Priority, StoryPoints, StartDate, DueDate, IsCompleted, ProjectId, SprintId, TaskTypeId, TaskStatusId, ReporterId, OriginalEstimate, RemainingEstimate, TimeSpent, CreatedAt, UpdatedAt) VALUES ('999999990000-0000-0000-0000-000000000003', 'Task 3', 'Desc 3', 3, 3, GETDATE(), DATEADD(day, 5, GETDATE()), 0, '555555550000-0000-0000-0000-000000000004', '666666660000-0000-0000-0000-000000000004', '777777770000-0000-0000-0000-000000000004', '888888880000-0000-0000-0000-000000000004', '111111110000-0000-0000-0000-000000000004', 8, 4, 4, GETDATE(), GETDATE());
INSERT INTO WorkTasks (Id, Title, Description, Priority, StoryPoints, StartDate, DueDate, IsCompleted, ProjectId, SprintId, TaskTypeId, TaskStatusId, ReporterId, OriginalEstimate, RemainingEstimate, TimeSpent, CreatedAt, UpdatedAt) VALUES ('999999990000-0000-0000-0000-000000000004', 'Task 4', 'Desc 4', 0, 4, GETDATE(), DATEADD(day, 5, GETDATE()), 0, '555555550000-0000-0000-0000-000000000005', '666666660000-0000-0000-0000-000000000005', '777777770000-0000-0000-0000-000000000005', '888888880000-0000-0000-0000-000000000005', '111111110000-0000-0000-0000-000000000005', 8, 4, 4, GETDATE(), GETDATE());
INSERT INTO WorkTasks (Id, Title, Description, Priority, StoryPoints, StartDate, DueDate, IsCompleted, ProjectId, SprintId, TaskTypeId, TaskStatusId, ReporterId, OriginalEstimate, RemainingEstimate, TimeSpent, CreatedAt, UpdatedAt) VALUES ('999999990000-0000-0000-0000-000000000005', 'Task 5', 'Desc 5', 1, 5, GETDATE(), DATEADD(day, 5, GETDATE()), 0, '555555550000-0000-0000-0000-000000000006', '666666660000-0000-0000-0000-000000000006', '777777770000-0000-0000-0000-000000000006', '888888880000-0000-0000-0000-000000000006', '111111110000-0000-0000-0000-000000000006', 8, 4, 4, GETDATE(), GETDATE());
INSERT INTO WorkTasks (Id, Title, Description, Priority, StoryPoints, StartDate, DueDate, IsCompleted, ProjectId, SprintId, TaskTypeId, TaskStatusId, ReporterId, OriginalEstimate, RemainingEstimate, TimeSpent, CreatedAt, UpdatedAt) VALUES ('999999990000-0000-0000-0000-000000000006', 'Task 6', 'Desc 6', 2, 6, GETDATE(), DATEADD(day, 5, GETDATE()), 0, '555555550000-0000-0000-0000-000000000007', '666666660000-0000-0000-0000-000000000007', '777777770000-0000-0000-0000-000000000007', '888888880000-0000-0000-0000-000000000007', '111111110000-0000-0000-0000-000000000007', 8, 4, 4, GETDATE(), GETDATE());
INSERT INTO WorkTasks (Id, Title, Description, Priority, StoryPoints, StartDate, DueDate, IsCompleted, ProjectId, SprintId, TaskTypeId, TaskStatusId, ReporterId, OriginalEstimate, RemainingEstimate, TimeSpent, CreatedAt, UpdatedAt) VALUES ('999999990000-0000-0000-0000-000000000007', 'Task 7', 'Desc 7', 3, 7, GETDATE(), DATEADD(day, 5, GETDATE()), 0, '555555550000-0000-0000-0000-000000000008', '666666660000-0000-0000-0000-000000000008', '777777770000-0000-0000-0000-000000000008', '888888880000-0000-0000-0000-000000000008', '111111110000-0000-0000-0000-000000000008', 8, 4, 4, GETDATE(), GETDATE());
INSERT INTO WorkTasks (Id, Title, Description, Priority, StoryPoints, StartDate, DueDate, IsCompleted, ProjectId, SprintId, TaskTypeId, TaskStatusId, ReporterId, OriginalEstimate, RemainingEstimate, TimeSpent, CreatedAt, UpdatedAt) VALUES ('999999990000-0000-0000-0000-000000000008', 'Task 8', 'Desc 8', 0, 0, GETDATE(), DATEADD(day, 5, GETDATE()), 0, '555555550000-0000-0000-0000-000000000009', '666666660000-0000-0000-0000-000000000009', '777777770000-0000-0000-0000-000000000009', '888888880000-0000-0000-0000-000000000009', '111111110000-0000-0000-0000-000000000009', 8, 4, 4, GETDATE(), GETDATE());
INSERT INTO WorkTasks (Id, Title, Description, Priority, StoryPoints, StartDate, DueDate, IsCompleted, ProjectId, SprintId, TaskTypeId, TaskStatusId, ReporterId, OriginalEstimate, RemainingEstimate, TimeSpent, CreatedAt, UpdatedAt) VALUES ('999999990000-0000-0000-0000-000000000009', 'Task 9', 'Desc 9', 1, 1, GETDATE(), DATEADD(day, 5, GETDATE()), 0, '555555550000-0000-0000-0000-00000000000a', '666666660000-0000-0000-0000-00000000000a', '777777770000-0000-0000-0000-00000000000a', '888888880000-0000-0000-0000-00000000000a', '111111110000-0000-0000-0000-00000000000a', 8, 4, 4, GETDATE(), GETDATE());
INSERT INTO WorkTasks (Id, Title, Description, Priority, StoryPoints, StartDate, DueDate, IsCompleted, ProjectId, SprintId, TaskTypeId, TaskStatusId, ReporterId, OriginalEstimate, RemainingEstimate, TimeSpent, CreatedAt, UpdatedAt) VALUES ('999999990000-0000-0000-0000-00000000000a', 'Task 10', 'Desc 10', 2, 2, GETDATE(), DATEADD(day, 5, GETDATE()), 0, '555555550000-0000-0000-0000-00000000000b', '666666660000-0000-0000-0000-00000000000b', '777777770000-0000-0000-0000-00000000000b', '888888880000-0000-0000-0000-00000000000b', '111111110000-0000-0000-0000-00000000000b', 8, 4, 4, GETDATE(), GETDATE());
INSERT INTO WorkTasks (Id, Title, Description, Priority, StoryPoints, StartDate, DueDate, IsCompleted, ProjectId, SprintId, TaskTypeId, TaskStatusId, ReporterId, OriginalEstimate, RemainingEstimate, TimeSpent, CreatedAt, UpdatedAt) VALUES ('999999990000-0000-0000-0000-00000000000b', 'Task 11', 'Desc 11', 3, 3, GETDATE(), DATEADD(day, 5, GETDATE()), 0, '555555550000-0000-0000-0000-00000000000c', '666666660000-0000-0000-0000-00000000000c', '777777770000-0000-0000-0000-00000000000c', '888888880000-0000-0000-0000-00000000000c', '111111110000-0000-0000-0000-00000000000c', 8, 4, 4, GETDATE(), GETDATE());
INSERT INTO WorkTasks (Id, Title, Description, Priority, StoryPoints, StartDate, DueDate, IsCompleted, ProjectId, SprintId, TaskTypeId, TaskStatusId, ReporterId, OriginalEstimate, RemainingEstimate, TimeSpent, CreatedAt, UpdatedAt) VALUES ('999999990000-0000-0000-0000-00000000000c', 'Task 12', 'Desc 12', 0, 4, GETDATE(), DATEADD(day, 5, GETDATE()), 0, '555555550000-0000-0000-0000-00000000000d', '666666660000-0000-0000-0000-00000000000d', '777777770000-0000-0000-0000-00000000000d', '888888880000-0000-0000-0000-00000000000d', '111111110000-0000-0000-0000-00000000000d', 8, 4, 4, GETDATE(), GETDATE());
INSERT INTO WorkTasks (Id, Title, Description, Priority, StoryPoints, StartDate, DueDate, IsCompleted, ProjectId, SprintId, TaskTypeId, TaskStatusId, ReporterId, OriginalEstimate, RemainingEstimate, TimeSpent, CreatedAt, UpdatedAt) VALUES ('999999990000-0000-0000-0000-00000000000d', 'Task 13', 'Desc 13', 1, 5, GETDATE(), DATEADD(day, 5, GETDATE()), 0, '555555550000-0000-0000-0000-00000000000e', '666666660000-0000-0000-0000-00000000000e', '777777770000-0000-0000-0000-00000000000e', '888888880000-0000-0000-0000-00000000000e', '111111110000-0000-0000-0000-00000000000e', 8, 4, 4, GETDATE(), GETDATE());
INSERT INTO WorkTasks (Id, Title, Description, Priority, StoryPoints, StartDate, DueDate, IsCompleted, ProjectId, SprintId, TaskTypeId, TaskStatusId, ReporterId, OriginalEstimate, RemainingEstimate, TimeSpent, CreatedAt, UpdatedAt) VALUES ('999999990000-0000-0000-0000-00000000000e', 'Task 14', 'Desc 14', 2, 6, GETDATE(), DATEADD(day, 5, GETDATE()), 0, '555555550000-0000-0000-0000-00000000000f', '666666660000-0000-0000-0000-00000000000f', '777777770000-0000-0000-0000-00000000000f', '888888880000-0000-0000-0000-00000000000f', '111111110000-0000-0000-0000-00000000000f', 8, 4, 4, GETDATE(), GETDATE());
INSERT INTO WorkTasks (Id, Title, Description, Priority, StoryPoints, StartDate, DueDate, IsCompleted, ProjectId, SprintId, TaskTypeId, TaskStatusId, ReporterId, OriginalEstimate, RemainingEstimate, TimeSpent, CreatedAt, UpdatedAt) VALUES ('999999990000-0000-0000-0000-00000000000f', 'Task 15', 'Desc 15', 3, 7, GETDATE(), DATEADD(day, 5, GETDATE()), 0, '555555550000-0000-0000-0000-000000000010', '666666660000-0000-0000-0000-000000000010', '777777770000-0000-0000-0000-000000000010', '888888880000-0000-0000-0000-000000000010', '111111110000-0000-0000-0000-000000000010', 8, 4, 4, GETDATE(), GETDATE());
INSERT INTO WorkTasks (Id, Title, Description, Priority, StoryPoints, StartDate, DueDate, IsCompleted, ProjectId, SprintId, TaskTypeId, TaskStatusId, ReporterId, OriginalEstimate, RemainingEstimate, TimeSpent, CreatedAt, UpdatedAt) VALUES ('999999990000-0000-0000-0000-000000000010', 'Task 16', 'Desc 16', 0, 0, GETDATE(), DATEADD(day, 5, GETDATE()), 0, '555555550000-0000-0000-0000-000000000011', '666666660000-0000-0000-0000-000000000011', '777777770000-0000-0000-0000-000000000011', '888888880000-0000-0000-0000-000000000011', '111111110000-0000-0000-0000-000000000011', 8, 4, 4, GETDATE(), GETDATE());
INSERT INTO WorkTasks (Id, Title, Description, Priority, StoryPoints, StartDate, DueDate, IsCompleted, ProjectId, SprintId, TaskTypeId, TaskStatusId, ReporterId, OriginalEstimate, RemainingEstimate, TimeSpent, CreatedAt, UpdatedAt) VALUES ('999999990000-0000-0000-0000-000000000011', 'Task 17', 'Desc 17', 1, 1, GETDATE(), DATEADD(day, 5, GETDATE()), 0, '555555550000-0000-0000-0000-000000000012', '666666660000-0000-0000-0000-000000000012', '777777770000-0000-0000-0000-000000000012', '888888880000-0000-0000-0000-000000000012', '111111110000-0000-0000-0000-000000000012', 8, 4, 4, GETDATE(), GETDATE());
INSERT INTO WorkTasks (Id, Title, Description, Priority, StoryPoints, StartDate, DueDate, IsCompleted, ProjectId, SprintId, TaskTypeId, TaskStatusId, ReporterId, OriginalEstimate, RemainingEstimate, TimeSpent, CreatedAt, UpdatedAt) VALUES ('999999990000-0000-0000-0000-000000000012', 'Task 18', 'Desc 18', 2, 2, GETDATE(), DATEADD(day, 5, GETDATE()), 0, '555555550000-0000-0000-0000-000000000013', '666666660000-0000-0000-0000-000000000013', '777777770000-0000-0000-0000-000000000013', '888888880000-0000-0000-0000-000000000013', '111111110000-0000-0000-0000-000000000013', 8, 4, 4, GETDATE(), GETDATE());
INSERT INTO WorkTasks (Id, Title, Description, Priority, StoryPoints, StartDate, DueDate, IsCompleted, ProjectId, SprintId, TaskTypeId, TaskStatusId, ReporterId, OriginalEstimate, RemainingEstimate, TimeSpent, CreatedAt, UpdatedAt) VALUES ('999999990000-0000-0000-0000-000000000013', 'Task 19', 'Desc 19', 3, 3, GETDATE(), DATEADD(day, 5, GETDATE()), 0, '555555550000-0000-0000-0000-000000000014', '666666660000-0000-0000-0000-000000000014', '777777770000-0000-0000-0000-000000000014', '888888880000-0000-0000-0000-000000000014', '111111110000-0000-0000-0000-000000000014', 8, 4, 4, GETDATE(), GETDATE());
INSERT INTO WorkTasks (Id, Title, Description, Priority, StoryPoints, StartDate, DueDate, IsCompleted, ProjectId, SprintId, TaskTypeId, TaskStatusId, ReporterId, OriginalEstimate, RemainingEstimate, TimeSpent, CreatedAt, UpdatedAt) VALUES ('999999990000-0000-0000-0000-000000000014', 'Task 20', 'Desc 20', 0, 4, GETDATE(), DATEADD(day, 5, GETDATE()), 0, '555555550000-0000-0000-0000-000000000001', '666666660000-0000-0000-0000-000000000001', '777777770000-0000-0000-0000-000000000001', '888888880000-0000-0000-0000-000000000001', '111111110000-0000-0000-0000-000000000001', 8, 4, 4, GETDATE(), GETDATE());

-- TaskAssignments
INSERT INTO TaskAssignments (WorkTaskId, UserId, AssignedAt) VALUES ('999999990000-0000-0000-0000-000000000001', '111111110000-0000-0000-0000-000000000001', GETDATE());
INSERT INTO TaskAssignments (WorkTaskId, UserId, AssignedAt) VALUES ('999999990000-0000-0000-0000-000000000002', '111111110000-0000-0000-0000-000000000002', GETDATE());
INSERT INTO TaskAssignments (WorkTaskId, UserId, AssignedAt) VALUES ('999999990000-0000-0000-0000-000000000003', '111111110000-0000-0000-0000-000000000003', GETDATE());
INSERT INTO TaskAssignments (WorkTaskId, UserId, AssignedAt) VALUES ('999999990000-0000-0000-0000-000000000004', '111111110000-0000-0000-0000-000000000004', GETDATE());
INSERT INTO TaskAssignments (WorkTaskId, UserId, AssignedAt) VALUES ('999999990000-0000-0000-0000-000000000005', '111111110000-0000-0000-0000-000000000005', GETDATE());
INSERT INTO TaskAssignments (WorkTaskId, UserId, AssignedAt) VALUES ('999999990000-0000-0000-0000-000000000006', '111111110000-0000-0000-0000-000000000006', GETDATE());
INSERT INTO TaskAssignments (WorkTaskId, UserId, AssignedAt) VALUES ('999999990000-0000-0000-0000-000000000007', '111111110000-0000-0000-0000-000000000007', GETDATE());
INSERT INTO TaskAssignments (WorkTaskId, UserId, AssignedAt) VALUES ('999999990000-0000-0000-0000-000000000008', '111111110000-0000-0000-0000-000000000008', GETDATE());
INSERT INTO TaskAssignments (WorkTaskId, UserId, AssignedAt) VALUES ('999999990000-0000-0000-0000-000000000009', '111111110000-0000-0000-0000-000000000009', GETDATE());
INSERT INTO TaskAssignments (WorkTaskId, UserId, AssignedAt) VALUES ('999999990000-0000-0000-0000-00000000000a', '111111110000-0000-0000-0000-00000000000a', GETDATE());
INSERT INTO TaskAssignments (WorkTaskId, UserId, AssignedAt) VALUES ('999999990000-0000-0000-0000-00000000000b', '111111110000-0000-0000-0000-00000000000b', GETDATE());
INSERT INTO TaskAssignments (WorkTaskId, UserId, AssignedAt) VALUES ('999999990000-0000-0000-0000-00000000000c', '111111110000-0000-0000-0000-00000000000c', GETDATE());
INSERT INTO TaskAssignments (WorkTaskId, UserId, AssignedAt) VALUES ('999999990000-0000-0000-0000-00000000000d', '111111110000-0000-0000-0000-00000000000d', GETDATE());
INSERT INTO TaskAssignments (WorkTaskId, UserId, AssignedAt) VALUES ('999999990000-0000-0000-0000-00000000000e', '111111110000-0000-0000-0000-00000000000e', GETDATE());
INSERT INTO TaskAssignments (WorkTaskId, UserId, AssignedAt) VALUES ('999999990000-0000-0000-0000-00000000000f', '111111110000-0000-0000-0000-00000000000f', GETDATE());
INSERT INTO TaskAssignments (WorkTaskId, UserId, AssignedAt) VALUES ('999999990000-0000-0000-0000-000000000010', '111111110000-0000-0000-0000-000000000010', GETDATE());
INSERT INTO TaskAssignments (WorkTaskId, UserId, AssignedAt) VALUES ('999999990000-0000-0000-0000-000000000011', '111111110000-0000-0000-0000-000000000011', GETDATE());
INSERT INTO TaskAssignments (WorkTaskId, UserId, AssignedAt) VALUES ('999999990000-0000-0000-0000-000000000012', '111111110000-0000-0000-0000-000000000012', GETDATE());
INSERT INTO TaskAssignments (WorkTaskId, UserId, AssignedAt) VALUES ('999999990000-0000-0000-0000-000000000013', '111111110000-0000-0000-0000-000000000013', GETDATE());
INSERT INTO TaskAssignments (WorkTaskId, UserId, AssignedAt) VALUES ('999999990000-0000-0000-0000-000000000014', '111111110000-0000-0000-0000-000000000014', GETDATE());

-- TaskDependencies
INSERT INTO TaskDependencies (PredecessorTaskId, SuccessorTaskId, DependencyType) VALUES ('999999990000-0000-0000-0000-000000000002', '999999990000-0000-0000-0000-000000000001', 0);
INSERT INTO TaskDependencies (PredecessorTaskId, SuccessorTaskId, DependencyType) VALUES ('999999990000-0000-0000-0000-000000000003', '999999990000-0000-0000-0000-000000000002', 0);
INSERT INTO TaskDependencies (PredecessorTaskId, SuccessorTaskId, DependencyType) VALUES ('999999990000-0000-0000-0000-000000000004', '999999990000-0000-0000-0000-000000000003', 0);
INSERT INTO TaskDependencies (PredecessorTaskId, SuccessorTaskId, DependencyType) VALUES ('999999990000-0000-0000-0000-000000000005', '999999990000-0000-0000-0000-000000000004', 0);
INSERT INTO TaskDependencies (PredecessorTaskId, SuccessorTaskId, DependencyType) VALUES ('999999990000-0000-0000-0000-000000000006', '999999990000-0000-0000-0000-000000000005', 0);
INSERT INTO TaskDependencies (PredecessorTaskId, SuccessorTaskId, DependencyType) VALUES ('999999990000-0000-0000-0000-000000000007', '999999990000-0000-0000-0000-000000000006', 0);
INSERT INTO TaskDependencies (PredecessorTaskId, SuccessorTaskId, DependencyType) VALUES ('999999990000-0000-0000-0000-000000000008', '999999990000-0000-0000-0000-000000000007', 0);
INSERT INTO TaskDependencies (PredecessorTaskId, SuccessorTaskId, DependencyType) VALUES ('999999990000-0000-0000-0000-000000000009', '999999990000-0000-0000-0000-000000000008', 0);
INSERT INTO TaskDependencies (PredecessorTaskId, SuccessorTaskId, DependencyType) VALUES ('999999990000-0000-0000-0000-00000000000a', '999999990000-0000-0000-0000-000000000009', 0);
INSERT INTO TaskDependencies (PredecessorTaskId, SuccessorTaskId, DependencyType) VALUES ('999999990000-0000-0000-0000-00000000000b', '999999990000-0000-0000-0000-00000000000a', 0);
INSERT INTO TaskDependencies (PredecessorTaskId, SuccessorTaskId, DependencyType) VALUES ('999999990000-0000-0000-0000-00000000000c', '999999990000-0000-0000-0000-00000000000b', 0);
INSERT INTO TaskDependencies (PredecessorTaskId, SuccessorTaskId, DependencyType) VALUES ('999999990000-0000-0000-0000-00000000000d', '999999990000-0000-0000-0000-00000000000c', 0);
INSERT INTO TaskDependencies (PredecessorTaskId, SuccessorTaskId, DependencyType) VALUES ('999999990000-0000-0000-0000-00000000000e', '999999990000-0000-0000-0000-00000000000d', 0);
INSERT INTO TaskDependencies (PredecessorTaskId, SuccessorTaskId, DependencyType) VALUES ('999999990000-0000-0000-0000-00000000000f', '999999990000-0000-0000-0000-00000000000e', 0);
INSERT INTO TaskDependencies (PredecessorTaskId, SuccessorTaskId, DependencyType) VALUES ('999999990000-0000-0000-0000-000000000010', '999999990000-0000-0000-0000-00000000000f', 0);
INSERT INTO TaskDependencies (PredecessorTaskId, SuccessorTaskId, DependencyType) VALUES ('999999990000-0000-0000-0000-000000000011', '999999990000-0000-0000-0000-000000000010', 0);
INSERT INTO TaskDependencies (PredecessorTaskId, SuccessorTaskId, DependencyType) VALUES ('999999990000-0000-0000-0000-000000000012', '999999990000-0000-0000-0000-000000000011', 0);
INSERT INTO TaskDependencies (PredecessorTaskId, SuccessorTaskId, DependencyType) VALUES ('999999990000-0000-0000-0000-000000000013', '999999990000-0000-0000-0000-000000000012', 0);
INSERT INTO TaskDependencies (PredecessorTaskId, SuccessorTaskId, DependencyType) VALUES ('999999990000-0000-0000-0000-000000000014', '999999990000-0000-0000-0000-000000000013', 0);
INSERT INTO TaskDependencies (PredecessorTaskId, SuccessorTaskId, DependencyType) VALUES ('999999990000-0000-0000-0000-000000000001', '999999990000-0000-0000-0000-000000000014', 0);

-- Comments
INSERT INTO Comments (Id, Content, WorkTaskId, UserId, CreatedAt, UpdatedAt, IsEdited) VALUES ('aaaaaaaa0000-0000-0000-0000-000000000001', 'Comment 1', '999999990000-0000-0000-0000-000000000001', '111111110000-0000-0000-0000-000000000001', GETDATE(), GETDATE(), 0);
INSERT INTO Comments (Id, Content, WorkTaskId, UserId, CreatedAt, UpdatedAt, IsEdited) VALUES ('aaaaaaaa0000-0000-0000-0000-000000000002', 'Comment 2', '999999990000-0000-0000-0000-000000000002', '111111110000-0000-0000-0000-000000000002', GETDATE(), GETDATE(), 0);
INSERT INTO Comments (Id, Content, WorkTaskId, UserId, CreatedAt, UpdatedAt, IsEdited) VALUES ('aaaaaaaa0000-0000-0000-0000-000000000003', 'Comment 3', '999999990000-0000-0000-0000-000000000003', '111111110000-0000-0000-0000-000000000003', GETDATE(), GETDATE(), 0);
INSERT INTO Comments (Id, Content, WorkTaskId, UserId, CreatedAt, UpdatedAt, IsEdited) VALUES ('aaaaaaaa0000-0000-0000-0000-000000000004', 'Comment 4', '999999990000-0000-0000-0000-000000000004', '111111110000-0000-0000-0000-000000000004', GETDATE(), GETDATE(), 0);
INSERT INTO Comments (Id, Content, WorkTaskId, UserId, CreatedAt, UpdatedAt, IsEdited) VALUES ('aaaaaaaa0000-0000-0000-0000-000000000005', 'Comment 5', '999999990000-0000-0000-0000-000000000005', '111111110000-0000-0000-0000-000000000005', GETDATE(), GETDATE(), 0);
INSERT INTO Comments (Id, Content, WorkTaskId, UserId, CreatedAt, UpdatedAt, IsEdited) VALUES ('aaaaaaaa0000-0000-0000-0000-000000000006', 'Comment 6', '999999990000-0000-0000-0000-000000000006', '111111110000-0000-0000-0000-000000000006', GETDATE(), GETDATE(), 0);
INSERT INTO Comments (Id, Content, WorkTaskId, UserId, CreatedAt, UpdatedAt, IsEdited) VALUES ('aaaaaaaa0000-0000-0000-0000-000000000007', 'Comment 7', '999999990000-0000-0000-0000-000000000007', '111111110000-0000-0000-0000-000000000007', GETDATE(), GETDATE(), 0);
INSERT INTO Comments (Id, Content, WorkTaskId, UserId, CreatedAt, UpdatedAt, IsEdited) VALUES ('aaaaaaaa0000-0000-0000-0000-000000000008', 'Comment 8', '999999990000-0000-0000-0000-000000000008', '111111110000-0000-0000-0000-000000000008', GETDATE(), GETDATE(), 0);
INSERT INTO Comments (Id, Content, WorkTaskId, UserId, CreatedAt, UpdatedAt, IsEdited) VALUES ('aaaaaaaa0000-0000-0000-0000-000000000009', 'Comment 9', '999999990000-0000-0000-0000-000000000009', '111111110000-0000-0000-0000-000000000009', GETDATE(), GETDATE(), 0);
INSERT INTO Comments (Id, Content, WorkTaskId, UserId, CreatedAt, UpdatedAt, IsEdited) VALUES ('aaaaaaaa0000-0000-0000-0000-00000000000a', 'Comment 10', '999999990000-0000-0000-0000-00000000000a', '111111110000-0000-0000-0000-00000000000a', GETDATE(), GETDATE(), 0);
INSERT INTO Comments (Id, Content, WorkTaskId, UserId, CreatedAt, UpdatedAt, IsEdited) VALUES ('aaaaaaaa0000-0000-0000-0000-00000000000b', 'Comment 11', '999999990000-0000-0000-0000-00000000000b', '111111110000-0000-0000-0000-00000000000b', GETDATE(), GETDATE(), 0);
INSERT INTO Comments (Id, Content, WorkTaskId, UserId, CreatedAt, UpdatedAt, IsEdited) VALUES ('aaaaaaaa0000-0000-0000-0000-00000000000c', 'Comment 12', '999999990000-0000-0000-0000-00000000000c', '111111110000-0000-0000-0000-00000000000c', GETDATE(), GETDATE(), 0);
INSERT INTO Comments (Id, Content, WorkTaskId, UserId, CreatedAt, UpdatedAt, IsEdited) VALUES ('aaaaaaaa0000-0000-0000-0000-00000000000d', 'Comment 13', '999999990000-0000-0000-0000-00000000000d', '111111110000-0000-0000-0000-00000000000d', GETDATE(), GETDATE(), 0);
INSERT INTO Comments (Id, Content, WorkTaskId, UserId, CreatedAt, UpdatedAt, IsEdited) VALUES ('aaaaaaaa0000-0000-0000-0000-00000000000e', 'Comment 14', '999999990000-0000-0000-0000-00000000000e', '111111110000-0000-0000-0000-00000000000e', GETDATE(), GETDATE(), 0);
INSERT INTO Comments (Id, Content, WorkTaskId, UserId, CreatedAt, UpdatedAt, IsEdited) VALUES ('aaaaaaaa0000-0000-0000-0000-00000000000f', 'Comment 15', '999999990000-0000-0000-0000-00000000000f', '111111110000-0000-0000-0000-00000000000f', GETDATE(), GETDATE(), 0);
INSERT INTO Comments (Id, Content, WorkTaskId, UserId, CreatedAt, UpdatedAt, IsEdited) VALUES ('aaaaaaaa0000-0000-0000-0000-000000000010', 'Comment 16', '999999990000-0000-0000-0000-000000000010', '111111110000-0000-0000-0000-000000000010', GETDATE(), GETDATE(), 0);
INSERT INTO Comments (Id, Content, WorkTaskId, UserId, CreatedAt, UpdatedAt, IsEdited) VALUES ('aaaaaaaa0000-0000-0000-0000-000000000011', 'Comment 17', '999999990000-0000-0000-0000-000000000011', '111111110000-0000-0000-0000-000000000011', GETDATE(), GETDATE(), 0);
INSERT INTO Comments (Id, Content, WorkTaskId, UserId, CreatedAt, UpdatedAt, IsEdited) VALUES ('aaaaaaaa0000-0000-0000-0000-000000000012', 'Comment 18', '999999990000-0000-0000-0000-000000000012', '111111110000-0000-0000-0000-000000000012', GETDATE(), GETDATE(), 0);
INSERT INTO Comments (Id, Content, WorkTaskId, UserId, CreatedAt, UpdatedAt, IsEdited) VALUES ('aaaaaaaa0000-0000-0000-0000-000000000013', 'Comment 19', '999999990000-0000-0000-0000-000000000013', '111111110000-0000-0000-0000-000000000013', GETDATE(), GETDATE(), 0);
INSERT INTO Comments (Id, Content, WorkTaskId, UserId, CreatedAt, UpdatedAt, IsEdited) VALUES ('aaaaaaaa0000-0000-0000-0000-000000000014', 'Comment 20', '999999990000-0000-0000-0000-000000000014', '111111110000-0000-0000-0000-000000000014', GETDATE(), GETDATE(), 0);

-- Attachments
INSERT INTO Attachments (Id, FileName, FileUrl, FileSize, FileType, WorkTaskId, UserId, UploadedAt) VALUES ('bbbbbbbb0000-0000-0000-0000-000000000001', 'file1.pdf', '/files/file1.pdf', 1024, 'application/pdf', '999999990000-0000-0000-0000-000000000001', '111111110000-0000-0000-0000-000000000001', GETDATE());
INSERT INTO Attachments (Id, FileName, FileUrl, FileSize, FileType, WorkTaskId, UserId, UploadedAt) VALUES ('bbbbbbbb0000-0000-0000-0000-000000000002', 'file2.pdf', '/files/file2.pdf', 1024, 'application/pdf', '999999990000-0000-0000-0000-000000000002', '111111110000-0000-0000-0000-000000000002', GETDATE());
INSERT INTO Attachments (Id, FileName, FileUrl, FileSize, FileType, WorkTaskId, UserId, UploadedAt) VALUES ('bbbbbbbb0000-0000-0000-0000-000000000003', 'file3.pdf', '/files/file3.pdf', 1024, 'application/pdf', '999999990000-0000-0000-0000-000000000003', '111111110000-0000-0000-0000-000000000003', GETDATE());
INSERT INTO Attachments (Id, FileName, FileUrl, FileSize, FileType, WorkTaskId, UserId, UploadedAt) VALUES ('bbbbbbbb0000-0000-0000-0000-000000000004', 'file4.pdf', '/files/file4.pdf', 1024, 'application/pdf', '999999990000-0000-0000-0000-000000000004', '111111110000-0000-0000-0000-000000000004', GETDATE());
INSERT INTO Attachments (Id, FileName, FileUrl, FileSize, FileType, WorkTaskId, UserId, UploadedAt) VALUES ('bbbbbbbb0000-0000-0000-0000-000000000005', 'file5.pdf', '/files/file5.pdf', 1024, 'application/pdf', '999999990000-0000-0000-0000-000000000005', '111111110000-0000-0000-0000-000000000005', GETDATE());
INSERT INTO Attachments (Id, FileName, FileUrl, FileSize, FileType, WorkTaskId, UserId, UploadedAt) VALUES ('bbbbbbbb0000-0000-0000-0000-000000000006', 'file6.pdf', '/files/file6.pdf', 1024, 'application/pdf', '999999990000-0000-0000-0000-000000000006', '111111110000-0000-0000-0000-000000000006', GETDATE());
INSERT INTO Attachments (Id, FileName, FileUrl, FileSize, FileType, WorkTaskId, UserId, UploadedAt) VALUES ('bbbbbbbb0000-0000-0000-0000-000000000007', 'file7.pdf', '/files/file7.pdf', 1024, 'application/pdf', '999999990000-0000-0000-0000-000000000007', '111111110000-0000-0000-0000-000000000007', GETDATE());
INSERT INTO Attachments (Id, FileName, FileUrl, FileSize, FileType, WorkTaskId, UserId, UploadedAt) VALUES ('bbbbbbbb0000-0000-0000-0000-000000000008', 'file8.pdf', '/files/file8.pdf', 1024, 'application/pdf', '999999990000-0000-0000-0000-000000000008', '111111110000-0000-0000-0000-000000000008', GETDATE());
INSERT INTO Attachments (Id, FileName, FileUrl, FileSize, FileType, WorkTaskId, UserId, UploadedAt) VALUES ('bbbbbbbb0000-0000-0000-0000-000000000009', 'file9.pdf', '/files/file9.pdf', 1024, 'application/pdf', '999999990000-0000-0000-0000-000000000009', '111111110000-0000-0000-0000-000000000009', GETDATE());
INSERT INTO Attachments (Id, FileName, FileUrl, FileSize, FileType, WorkTaskId, UserId, UploadedAt) VALUES ('bbbbbbbb0000-0000-0000-0000-00000000000a', 'file10.pdf', '/files/file10.pdf', 1024, 'application/pdf', '999999990000-0000-0000-0000-00000000000a', '111111110000-0000-0000-0000-00000000000a', GETDATE());
INSERT INTO Attachments (Id, FileName, FileUrl, FileSize, FileType, WorkTaskId, UserId, UploadedAt) VALUES ('bbbbbbbb0000-0000-0000-0000-00000000000b', 'file11.pdf', '/files/file11.pdf', 1024, 'application/pdf', '999999990000-0000-0000-0000-00000000000b', '111111110000-0000-0000-0000-00000000000b', GETDATE());
INSERT INTO Attachments (Id, FileName, FileUrl, FileSize, FileType, WorkTaskId, UserId, UploadedAt) VALUES ('bbbbbbbb0000-0000-0000-0000-00000000000c', 'file12.pdf', '/files/file12.pdf', 1024, 'application/pdf', '999999990000-0000-0000-0000-00000000000c', '111111110000-0000-0000-0000-00000000000c', GETDATE());
INSERT INTO Attachments (Id, FileName, FileUrl, FileSize, FileType, WorkTaskId, UserId, UploadedAt) VALUES ('bbbbbbbb0000-0000-0000-0000-00000000000d', 'file13.pdf', '/files/file13.pdf', 1024, 'application/pdf', '999999990000-0000-0000-0000-00000000000d', '111111110000-0000-0000-0000-00000000000d', GETDATE());
INSERT INTO Attachments (Id, FileName, FileUrl, FileSize, FileType, WorkTaskId, UserId, UploadedAt) VALUES ('bbbbbbbb0000-0000-0000-0000-00000000000e', 'file14.pdf', '/files/file14.pdf', 1024, 'application/pdf', '999999990000-0000-0000-0000-00000000000e', '111111110000-0000-0000-0000-00000000000e', GETDATE());
INSERT INTO Attachments (Id, FileName, FileUrl, FileSize, FileType, WorkTaskId, UserId, UploadedAt) VALUES ('bbbbbbbb0000-0000-0000-0000-00000000000f', 'file15.pdf', '/files/file15.pdf', 1024, 'application/pdf', '999999990000-0000-0000-0000-00000000000f', '111111110000-0000-0000-0000-00000000000f', GETDATE());
INSERT INTO Attachments (Id, FileName, FileUrl, FileSize, FileType, WorkTaskId, UserId, UploadedAt) VALUES ('bbbbbbbb0000-0000-0000-0000-000000000010', 'file16.pdf', '/files/file16.pdf', 1024, 'application/pdf', '999999990000-0000-0000-0000-000000000010', '111111110000-0000-0000-0000-000000000010', GETDATE());
INSERT INTO Attachments (Id, FileName, FileUrl, FileSize, FileType, WorkTaskId, UserId, UploadedAt) VALUES ('bbbbbbbb0000-0000-0000-0000-000000000011', 'file17.pdf', '/files/file17.pdf', 1024, 'application/pdf', '999999990000-0000-0000-0000-000000000011', '111111110000-0000-0000-0000-000000000011', GETDATE());
INSERT INTO Attachments (Id, FileName, FileUrl, FileSize, FileType, WorkTaskId, UserId, UploadedAt) VALUES ('bbbbbbbb0000-0000-0000-0000-000000000012', 'file18.pdf', '/files/file18.pdf', 1024, 'application/pdf', '999999990000-0000-0000-0000-000000000012', '111111110000-0000-0000-0000-000000000012', GETDATE());
INSERT INTO Attachments (Id, FileName, FileUrl, FileSize, FileType, WorkTaskId, UserId, UploadedAt) VALUES ('bbbbbbbb0000-0000-0000-0000-000000000013', 'file19.pdf', '/files/file19.pdf', 1024, 'application/pdf', '999999990000-0000-0000-0000-000000000013', '111111110000-0000-0000-0000-000000000013', GETDATE());
INSERT INTO Attachments (Id, FileName, FileUrl, FileSize, FileType, WorkTaskId, UserId, UploadedAt) VALUES ('bbbbbbbb0000-0000-0000-0000-000000000014', 'file20.pdf', '/files/file20.pdf', 1024, 'application/pdf', '999999990000-0000-0000-0000-000000000014', '111111110000-0000-0000-0000-000000000014', GETDATE());

-- AuditLogs
INSERT INTO AuditLogs (Id, Action, EntityName, EntityId, OldValues, NewValues, UserId, WorkTaskId, Timestamp) VALUES ('cccccccc0000-0000-0000-0000-000000000001', 'Update', 'WorkTask', '999999990000-0000-0000-0000-000000000001', '{}', '{}', '111111110000-0000-0000-0000-000000000001', '999999990000-0000-0000-0000-000000000001', GETDATE());
INSERT INTO AuditLogs (Id, Action, EntityName, EntityId, OldValues, NewValues, UserId, WorkTaskId, Timestamp) VALUES ('cccccccc0000-0000-0000-0000-000000000002', 'Update', 'WorkTask', '999999990000-0000-0000-0000-000000000002', '{}', '{}', '111111110000-0000-0000-0000-000000000002', '999999990000-0000-0000-0000-000000000002', GETDATE());
INSERT INTO AuditLogs (Id, Action, EntityName, EntityId, OldValues, NewValues, UserId, WorkTaskId, Timestamp) VALUES ('cccccccc0000-0000-0000-0000-000000000003', 'Update', 'WorkTask', '999999990000-0000-0000-0000-000000000003', '{}', '{}', '111111110000-0000-0000-0000-000000000003', '999999990000-0000-0000-0000-000000000003', GETDATE());
INSERT INTO AuditLogs (Id, Action, EntityName, EntityId, OldValues, NewValues, UserId, WorkTaskId, Timestamp) VALUES ('cccccccc0000-0000-0000-0000-000000000004', 'Update', 'WorkTask', '999999990000-0000-0000-0000-000000000004', '{}', '{}', '111111110000-0000-0000-0000-000000000004', '999999990000-0000-0000-0000-000000000004', GETDATE());
INSERT INTO AuditLogs (Id, Action, EntityName, EntityId, OldValues, NewValues, UserId, WorkTaskId, Timestamp) VALUES ('cccccccc0000-0000-0000-0000-000000000005', 'Update', 'WorkTask', '999999990000-0000-0000-0000-000000000005', '{}', '{}', '111111110000-0000-0000-0000-000000000005', '999999990000-0000-0000-0000-000000000005', GETDATE());
INSERT INTO AuditLogs (Id, Action, EntityName, EntityId, OldValues, NewValues, UserId, WorkTaskId, Timestamp) VALUES ('cccccccc0000-0000-0000-0000-000000000006', 'Update', 'WorkTask', '999999990000-0000-0000-0000-000000000006', '{}', '{}', '111111110000-0000-0000-0000-000000000006', '999999990000-0000-0000-0000-000000000006', GETDATE());
INSERT INTO AuditLogs (Id, Action, EntityName, EntityId, OldValues, NewValues, UserId, WorkTaskId, Timestamp) VALUES ('cccccccc0000-0000-0000-0000-000000000007', 'Update', 'WorkTask', '999999990000-0000-0000-0000-000000000007', '{}', '{}', '111111110000-0000-0000-0000-000000000007', '999999990000-0000-0000-0000-000000000007', GETDATE());
INSERT INTO AuditLogs (Id, Action, EntityName, EntityId, OldValues, NewValues, UserId, WorkTaskId, Timestamp) VALUES ('cccccccc0000-0000-0000-0000-000000000008', 'Update', 'WorkTask', '999999990000-0000-0000-0000-000000000008', '{}', '{}', '111111110000-0000-0000-0000-000000000008', '999999990000-0000-0000-0000-000000000008', GETDATE());
INSERT INTO AuditLogs (Id, Action, EntityName, EntityId, OldValues, NewValues, UserId, WorkTaskId, Timestamp) VALUES ('cccccccc0000-0000-0000-0000-000000000009', 'Update', 'WorkTask', '999999990000-0000-0000-0000-000000000009', '{}', '{}', '111111110000-0000-0000-0000-000000000009', '999999990000-0000-0000-0000-000000000009', GETDATE());
INSERT INTO AuditLogs (Id, Action, EntityName, EntityId, OldValues, NewValues, UserId, WorkTaskId, Timestamp) VALUES ('cccccccc0000-0000-0000-0000-00000000000a', 'Update', 'WorkTask', '999999990000-0000-0000-0000-00000000000a', '{}', '{}', '111111110000-0000-0000-0000-00000000000a', '999999990000-0000-0000-0000-00000000000a', GETDATE());
INSERT INTO AuditLogs (Id, Action, EntityName, EntityId, OldValues, NewValues, UserId, WorkTaskId, Timestamp) VALUES ('cccccccc0000-0000-0000-0000-00000000000b', 'Update', 'WorkTask', '999999990000-0000-0000-0000-00000000000b', '{}', '{}', '111111110000-0000-0000-0000-00000000000b', '999999990000-0000-0000-0000-00000000000b', GETDATE());
INSERT INTO AuditLogs (Id, Action, EntityName, EntityId, OldValues, NewValues, UserId, WorkTaskId, Timestamp) VALUES ('cccccccc0000-0000-0000-0000-00000000000c', 'Update', 'WorkTask', '999999990000-0000-0000-0000-00000000000c', '{}', '{}', '111111110000-0000-0000-0000-00000000000c', '999999990000-0000-0000-0000-00000000000c', GETDATE());
INSERT INTO AuditLogs (Id, Action, EntityName, EntityId, OldValues, NewValues, UserId, WorkTaskId, Timestamp) VALUES ('cccccccc0000-0000-0000-0000-00000000000d', 'Update', 'WorkTask', '999999990000-0000-0000-0000-00000000000d', '{}', '{}', '111111110000-0000-0000-0000-00000000000d', '999999990000-0000-0000-0000-00000000000d', GETDATE());
INSERT INTO AuditLogs (Id, Action, EntityName, EntityId, OldValues, NewValues, UserId, WorkTaskId, Timestamp) VALUES ('cccccccc0000-0000-0000-0000-00000000000e', 'Update', 'WorkTask', '999999990000-0000-0000-0000-00000000000e', '{}', '{}', '111111110000-0000-0000-0000-00000000000e', '999999990000-0000-0000-0000-00000000000e', GETDATE());
INSERT INTO AuditLogs (Id, Action, EntityName, EntityId, OldValues, NewValues, UserId, WorkTaskId, Timestamp) VALUES ('cccccccc0000-0000-0000-0000-00000000000f', 'Update', 'WorkTask', '999999990000-0000-0000-0000-00000000000f', '{}', '{}', '111111110000-0000-0000-0000-00000000000f', '999999990000-0000-0000-0000-00000000000f', GETDATE());
INSERT INTO AuditLogs (Id, Action, EntityName, EntityId, OldValues, NewValues, UserId, WorkTaskId, Timestamp) VALUES ('cccccccc0000-0000-0000-0000-000000000010', 'Update', 'WorkTask', '999999990000-0000-0000-0000-000000000010', '{}', '{}', '111111110000-0000-0000-0000-000000000010', '999999990000-0000-0000-0000-000000000010', GETDATE());
INSERT INTO AuditLogs (Id, Action, EntityName, EntityId, OldValues, NewValues, UserId, WorkTaskId, Timestamp) VALUES ('cccccccc0000-0000-0000-0000-000000000011', 'Update', 'WorkTask', '999999990000-0000-0000-0000-000000000011', '{}', '{}', '111111110000-0000-0000-0000-000000000011', '999999990000-0000-0000-0000-000000000011', GETDATE());
INSERT INTO AuditLogs (Id, Action, EntityName, EntityId, OldValues, NewValues, UserId, WorkTaskId, Timestamp) VALUES ('cccccccc0000-0000-0000-0000-000000000012', 'Update', 'WorkTask', '999999990000-0000-0000-0000-000000000012', '{}', '{}', '111111110000-0000-0000-0000-000000000012', '999999990000-0000-0000-0000-000000000012', GETDATE());
INSERT INTO AuditLogs (Id, Action, EntityName, EntityId, OldValues, NewValues, UserId, WorkTaskId, Timestamp) VALUES ('cccccccc0000-0000-0000-0000-000000000013', 'Update', 'WorkTask', '999999990000-0000-0000-0000-000000000013', '{}', '{}', '111111110000-0000-0000-0000-000000000013', '999999990000-0000-0000-0000-000000000013', GETDATE());
INSERT INTO AuditLogs (Id, Action, EntityName, EntityId, OldValues, NewValues, UserId, WorkTaskId, Timestamp) VALUES ('cccccccc0000-0000-0000-0000-000000000014', 'Update', 'WorkTask', '999999990000-0000-0000-0000-000000000014', '{}', '{}', '111111110000-0000-0000-0000-000000000014', '999999990000-0000-0000-0000-000000000014', GETDATE());

-- Notifications
INSERT INTO Notifications (Id, Title, Content, Type, IsRead, UserId, CreatedAt, ReferenceId, ReferenceType) VALUES ('dddddddd0000-0000-0000-0000-000000000001', 'Notif 1', 'Content 1', 0, 0, '111111110000-0000-0000-0000-000000000001', GETDATE(), NULL, NULL);
INSERT INTO Notifications (Id, Title, Content, Type, IsRead, UserId, CreatedAt, ReferenceId, ReferenceType) VALUES ('dddddddd0000-0000-0000-0000-000000000002', 'Notif 2', 'Content 2', 0, 0, '111111110000-0000-0000-0000-000000000002', GETDATE(), NULL, NULL);
INSERT INTO Notifications (Id, Title, Content, Type, IsRead, UserId, CreatedAt, ReferenceId, ReferenceType) VALUES ('dddddddd0000-0000-0000-0000-000000000003', 'Notif 3', 'Content 3', 0, 0, '111111110000-0000-0000-0000-000000000003', GETDATE(), NULL, NULL);
INSERT INTO Notifications (Id, Title, Content, Type, IsRead, UserId, CreatedAt, ReferenceId, ReferenceType) VALUES ('dddddddd0000-0000-0000-0000-000000000004', 'Notif 4', 'Content 4', 0, 0, '111111110000-0000-0000-0000-000000000004', GETDATE(), NULL, NULL);
INSERT INTO Notifications (Id, Title, Content, Type, IsRead, UserId, CreatedAt, ReferenceId, ReferenceType) VALUES ('dddddddd0000-0000-0000-0000-000000000005', 'Notif 5', 'Content 5', 0, 0, '111111110000-0000-0000-0000-000000000005', GETDATE(), NULL, NULL);
INSERT INTO Notifications (Id, Title, Content, Type, IsRead, UserId, CreatedAt, ReferenceId, ReferenceType) VALUES ('dddddddd0000-0000-0000-0000-000000000006', 'Notif 6', 'Content 6', 0, 0, '111111110000-0000-0000-0000-000000000006', GETDATE(), NULL, NULL);
INSERT INTO Notifications (Id, Title, Content, Type, IsRead, UserId, CreatedAt, ReferenceId, ReferenceType) VALUES ('dddddddd0000-0000-0000-0000-000000000007', 'Notif 7', 'Content 7', 0, 0, '111111110000-0000-0000-0000-000000000007', GETDATE(), NULL, NULL);
INSERT INTO Notifications (Id, Title, Content, Type, IsRead, UserId, CreatedAt, ReferenceId, ReferenceType) VALUES ('dddddddd0000-0000-0000-0000-000000000008', 'Notif 8', 'Content 8', 0, 0, '111111110000-0000-0000-0000-000000000008', GETDATE(), NULL, NULL);
INSERT INTO Notifications (Id, Title, Content, Type, IsRead, UserId, CreatedAt, ReferenceId, ReferenceType) VALUES ('dddddddd0000-0000-0000-0000-000000000009', 'Notif 9', 'Content 9', 0, 0, '111111110000-0000-0000-0000-000000000009', GETDATE(), NULL, NULL);
INSERT INTO Notifications (Id, Title, Content, Type, IsRead, UserId, CreatedAt, ReferenceId, ReferenceType) VALUES ('dddddddd0000-0000-0000-0000-00000000000a', 'Notif 10', 'Content 10', 0, 0, '111111110000-0000-0000-0000-00000000000a', GETDATE(), NULL, NULL);
INSERT INTO Notifications (Id, Title, Content, Type, IsRead, UserId, CreatedAt, ReferenceId, ReferenceType) VALUES ('dddddddd0000-0000-0000-0000-00000000000b', 'Notif 11', 'Content 11', 0, 0, '111111110000-0000-0000-0000-00000000000b', GETDATE(), NULL, NULL);
INSERT INTO Notifications (Id, Title, Content, Type, IsRead, UserId, CreatedAt, ReferenceId, ReferenceType) VALUES ('dddddddd0000-0000-0000-0000-00000000000c', 'Notif 12', 'Content 12', 0, 0, '111111110000-0000-0000-0000-00000000000c', GETDATE(), NULL, NULL);
INSERT INTO Notifications (Id, Title, Content, Type, IsRead, UserId, CreatedAt, ReferenceId, ReferenceType) VALUES ('dddddddd0000-0000-0000-0000-00000000000d', 'Notif 13', 'Content 13', 0, 0, '111111110000-0000-0000-0000-00000000000d', GETDATE(), NULL, NULL);
INSERT INTO Notifications (Id, Title, Content, Type, IsRead, UserId, CreatedAt, ReferenceId, ReferenceType) VALUES ('dddddddd0000-0000-0000-0000-00000000000e', 'Notif 14', 'Content 14', 0, 0, '111111110000-0000-0000-0000-00000000000e', GETDATE(), NULL, NULL);
INSERT INTO Notifications (Id, Title, Content, Type, IsRead, UserId, CreatedAt, ReferenceId, ReferenceType) VALUES ('dddddddd0000-0000-0000-0000-00000000000f', 'Notif 15', 'Content 15', 0, 0, '111111110000-0000-0000-0000-00000000000f', GETDATE(), NULL, NULL);
INSERT INTO Notifications (Id, Title, Content, Type, IsRead, UserId, CreatedAt, ReferenceId, ReferenceType) VALUES ('dddddddd0000-0000-0000-0000-000000000010', 'Notif 16', 'Content 16', 0, 0, '111111110000-0000-0000-0000-000000000010', GETDATE(), NULL, NULL);
INSERT INTO Notifications (Id, Title, Content, Type, IsRead, UserId, CreatedAt, ReferenceId, ReferenceType) VALUES ('dddddddd0000-0000-0000-0000-000000000011', 'Notif 17', 'Content 17', 0, 0, '111111110000-0000-0000-0000-000000000011', GETDATE(), NULL, NULL);
INSERT INTO Notifications (Id, Title, Content, Type, IsRead, UserId, CreatedAt, ReferenceId, ReferenceType) VALUES ('dddddddd0000-0000-0000-0000-000000000012', 'Notif 18', 'Content 18', 0, 0, '111111110000-0000-0000-0000-000000000012', GETDATE(), NULL, NULL);
INSERT INTO Notifications (Id, Title, Content, Type, IsRead, UserId, CreatedAt, ReferenceId, ReferenceType) VALUES ('dddddddd0000-0000-0000-0000-000000000013', 'Notif 19', 'Content 19', 0, 0, '111111110000-0000-0000-0000-000000000013', GETDATE(), NULL, NULL);
INSERT INTO Notifications (Id, Title, Content, Type, IsRead, UserId, CreatedAt, ReferenceId, ReferenceType) VALUES ('dddddddd0000-0000-0000-0000-000000000014', 'Notif 20', 'Content 20', 0, 0, '111111110000-0000-0000-0000-000000000014', GETDATE(), NULL, NULL);

-- PerformanceReviews
INSERT INTO PerformanceReviews (Id, ReviewerId, RevieweeId, Score, Feedback, ReviewPeriod, CreatedAt) VALUES ('eeeeeeee0000-0000-0000-0000-000000000001', '111111110000-0000-0000-0000-000000000001', '111111110000-0000-0000-0000-000000000002', 2, 'Feedback 1', '2026-Q1', GETDATE());
INSERT INTO PerformanceReviews (Id, ReviewerId, RevieweeId, Score, Feedback, ReviewPeriod, CreatedAt) VALUES ('eeeeeeee0000-0000-0000-0000-000000000002', '111111110000-0000-0000-0000-000000000002', '111111110000-0000-0000-0000-000000000003', 3, 'Feedback 2', '2026-Q1', GETDATE());
INSERT INTO PerformanceReviews (Id, ReviewerId, RevieweeId, Score, Feedback, ReviewPeriod, CreatedAt) VALUES ('eeeeeeee0000-0000-0000-0000-000000000003', '111111110000-0000-0000-0000-000000000003', '111111110000-0000-0000-0000-000000000004', 4, 'Feedback 3', '2026-Q1', GETDATE());
INSERT INTO PerformanceReviews (Id, ReviewerId, RevieweeId, Score, Feedback, ReviewPeriod, CreatedAt) VALUES ('eeeeeeee0000-0000-0000-0000-000000000004', '111111110000-0000-0000-0000-000000000004', '111111110000-0000-0000-0000-000000000005', 5, 'Feedback 4', '2026-Q1', GETDATE());
INSERT INTO PerformanceReviews (Id, ReviewerId, RevieweeId, Score, Feedback, ReviewPeriod, CreatedAt) VALUES ('eeeeeeee0000-0000-0000-0000-000000000005', '111111110000-0000-0000-0000-000000000005', '111111110000-0000-0000-0000-000000000006', 6, 'Feedback 5', '2026-Q1', GETDATE());
INSERT INTO PerformanceReviews (Id, ReviewerId, RevieweeId, Score, Feedback, ReviewPeriod, CreatedAt) VALUES ('eeeeeeee0000-0000-0000-0000-000000000006', '111111110000-0000-0000-0000-000000000006', '111111110000-0000-0000-0000-000000000007', 7, 'Feedback 6', '2026-Q1', GETDATE());
INSERT INTO PerformanceReviews (Id, ReviewerId, RevieweeId, Score, Feedback, ReviewPeriod, CreatedAt) VALUES ('eeeeeeee0000-0000-0000-0000-000000000007', '111111110000-0000-0000-0000-000000000007', '111111110000-0000-0000-0000-000000000008', 8, 'Feedback 7', '2026-Q1', GETDATE());
INSERT INTO PerformanceReviews (Id, ReviewerId, RevieweeId, Score, Feedback, ReviewPeriod, CreatedAt) VALUES ('eeeeeeee0000-0000-0000-0000-000000000008', '111111110000-0000-0000-0000-000000000008', '111111110000-0000-0000-0000-000000000009', 9, 'Feedback 8', '2026-Q1', GETDATE());
INSERT INTO PerformanceReviews (Id, ReviewerId, RevieweeId, Score, Feedback, ReviewPeriod, CreatedAt) VALUES ('eeeeeeee0000-0000-0000-0000-000000000009', '111111110000-0000-0000-0000-000000000009', '111111110000-0000-0000-0000-00000000000a', 10, 'Feedback 9', '2026-Q1', GETDATE());
INSERT INTO PerformanceReviews (Id, ReviewerId, RevieweeId, Score, Feedback, ReviewPeriod, CreatedAt) VALUES ('eeeeeeee0000-0000-0000-0000-00000000000a', '111111110000-0000-0000-0000-00000000000a', '111111110000-0000-0000-0000-00000000000b', 1, 'Feedback 10', '2026-Q1', GETDATE());
INSERT INTO PerformanceReviews (Id, ReviewerId, RevieweeId, Score, Feedback, ReviewPeriod, CreatedAt) VALUES ('eeeeeeee0000-0000-0000-0000-00000000000b', '111111110000-0000-0000-0000-00000000000b', '111111110000-0000-0000-0000-00000000000c', 2, 'Feedback 11', '2026-Q1', GETDATE());
INSERT INTO PerformanceReviews (Id, ReviewerId, RevieweeId, Score, Feedback, ReviewPeriod, CreatedAt) VALUES ('eeeeeeee0000-0000-0000-0000-00000000000c', '111111110000-0000-0000-0000-00000000000c', '111111110000-0000-0000-0000-00000000000d', 3, 'Feedback 12', '2026-Q1', GETDATE());
INSERT INTO PerformanceReviews (Id, ReviewerId, RevieweeId, Score, Feedback, ReviewPeriod, CreatedAt) VALUES ('eeeeeeee0000-0000-0000-0000-00000000000d', '111111110000-0000-0000-0000-00000000000d', '111111110000-0000-0000-0000-00000000000e', 4, 'Feedback 13', '2026-Q1', GETDATE());
INSERT INTO PerformanceReviews (Id, ReviewerId, RevieweeId, Score, Feedback, ReviewPeriod, CreatedAt) VALUES ('eeeeeeee0000-0000-0000-0000-00000000000e', '111111110000-0000-0000-0000-00000000000e', '111111110000-0000-0000-0000-00000000000f', 5, 'Feedback 14', '2026-Q1', GETDATE());
INSERT INTO PerformanceReviews (Id, ReviewerId, RevieweeId, Score, Feedback, ReviewPeriod, CreatedAt) VALUES ('eeeeeeee0000-0000-0000-0000-00000000000f', '111111110000-0000-0000-0000-00000000000f', '111111110000-0000-0000-0000-000000000010', 6, 'Feedback 15', '2026-Q1', GETDATE());
INSERT INTO PerformanceReviews (Id, ReviewerId, RevieweeId, Score, Feedback, ReviewPeriod, CreatedAt) VALUES ('eeeeeeee0000-0000-0000-0000-000000000010', '111111110000-0000-0000-0000-000000000010', '111111110000-0000-0000-0000-000000000011', 7, 'Feedback 16', '2026-Q1', GETDATE());
INSERT INTO PerformanceReviews (Id, ReviewerId, RevieweeId, Score, Feedback, ReviewPeriod, CreatedAt) VALUES ('eeeeeeee0000-0000-0000-0000-000000000011', '111111110000-0000-0000-0000-000000000011', '111111110000-0000-0000-0000-000000000012', 8, 'Feedback 17', '2026-Q1', GETDATE());
INSERT INTO PerformanceReviews (Id, ReviewerId, RevieweeId, Score, Feedback, ReviewPeriod, CreatedAt) VALUES ('eeeeeeee0000-0000-0000-0000-000000000012', '111111110000-0000-0000-0000-000000000012', '111111110000-0000-0000-0000-000000000013', 9, 'Feedback 18', '2026-Q1', GETDATE());
INSERT INTO PerformanceReviews (Id, ReviewerId, RevieweeId, Score, Feedback, ReviewPeriod, CreatedAt) VALUES ('eeeeeeee0000-0000-0000-0000-000000000013', '111111110000-0000-0000-0000-000000000013', '111111110000-0000-0000-0000-000000000014', 10, 'Feedback 19', '2026-Q1', GETDATE());
INSERT INTO PerformanceReviews (Id, ReviewerId, RevieweeId, Score, Feedback, ReviewPeriod, CreatedAt) VALUES ('eeeeeeee0000-0000-0000-0000-000000000014', '111111110000-0000-0000-0000-000000000014', '111111110000-0000-0000-0000-000000000001', 1, 'Feedback 20', '2026-Q1', GETDATE());

-- UserWallets
INSERT INTO UserWallets (UserId, Balance, TotalEarned, TotalSpent, UpdatedAt) VALUES ('111111110000-0000-0000-0000-000000000001', 1000, 1000, 0, GETDATE());
INSERT INTO UserWallets (UserId, Balance, TotalEarned, TotalSpent, UpdatedAt) VALUES ('111111110000-0000-0000-0000-000000000002', 1000, 1000, 0, GETDATE());
INSERT INTO UserWallets (UserId, Balance, TotalEarned, TotalSpent, UpdatedAt) VALUES ('111111110000-0000-0000-0000-000000000003', 1000, 1000, 0, GETDATE());
INSERT INTO UserWallets (UserId, Balance, TotalEarned, TotalSpent, UpdatedAt) VALUES ('111111110000-0000-0000-0000-000000000004', 1000, 1000, 0, GETDATE());
INSERT INTO UserWallets (UserId, Balance, TotalEarned, TotalSpent, UpdatedAt) VALUES ('111111110000-0000-0000-0000-000000000005', 1000, 1000, 0, GETDATE());
INSERT INTO UserWallets (UserId, Balance, TotalEarned, TotalSpent, UpdatedAt) VALUES ('111111110000-0000-0000-0000-000000000006', 1000, 1000, 0, GETDATE());
INSERT INTO UserWallets (UserId, Balance, TotalEarned, TotalSpent, UpdatedAt) VALUES ('111111110000-0000-0000-0000-000000000007', 1000, 1000, 0, GETDATE());
INSERT INTO UserWallets (UserId, Balance, TotalEarned, TotalSpent, UpdatedAt) VALUES ('111111110000-0000-0000-0000-000000000008', 1000, 1000, 0, GETDATE());
INSERT INTO UserWallets (UserId, Balance, TotalEarned, TotalSpent, UpdatedAt) VALUES ('111111110000-0000-0000-0000-000000000009', 1000, 1000, 0, GETDATE());
INSERT INTO UserWallets (UserId, Balance, TotalEarned, TotalSpent, UpdatedAt) VALUES ('111111110000-0000-0000-0000-00000000000a', 1000, 1000, 0, GETDATE());
INSERT INTO UserWallets (UserId, Balance, TotalEarned, TotalSpent, UpdatedAt) VALUES ('111111110000-0000-0000-0000-00000000000b', 1000, 1000, 0, GETDATE());
INSERT INTO UserWallets (UserId, Balance, TotalEarned, TotalSpent, UpdatedAt) VALUES ('111111110000-0000-0000-0000-00000000000c', 1000, 1000, 0, GETDATE());
INSERT INTO UserWallets (UserId, Balance, TotalEarned, TotalSpent, UpdatedAt) VALUES ('111111110000-0000-0000-0000-00000000000d', 1000, 1000, 0, GETDATE());
INSERT INTO UserWallets (UserId, Balance, TotalEarned, TotalSpent, UpdatedAt) VALUES ('111111110000-0000-0000-0000-00000000000e', 1000, 1000, 0, GETDATE());
INSERT INTO UserWallets (UserId, Balance, TotalEarned, TotalSpent, UpdatedAt) VALUES ('111111110000-0000-0000-0000-00000000000f', 1000, 1000, 0, GETDATE());
INSERT INTO UserWallets (UserId, Balance, TotalEarned, TotalSpent, UpdatedAt) VALUES ('111111110000-0000-0000-0000-000000000010', 1000, 1000, 0, GETDATE());
INSERT INTO UserWallets (UserId, Balance, TotalEarned, TotalSpent, UpdatedAt) VALUES ('111111110000-0000-0000-0000-000000000011', 1000, 1000, 0, GETDATE());
INSERT INTO UserWallets (UserId, Balance, TotalEarned, TotalSpent, UpdatedAt) VALUES ('111111110000-0000-0000-0000-000000000012', 1000, 1000, 0, GETDATE());
INSERT INTO UserWallets (UserId, Balance, TotalEarned, TotalSpent, UpdatedAt) VALUES ('111111110000-0000-0000-0000-000000000013', 1000, 1000, 0, GETDATE());
INSERT INTO UserWallets (UserId, Balance, TotalEarned, TotalSpent, UpdatedAt) VALUES ('111111110000-0000-0000-0000-000000000014', 1000, 1000, 0, GETDATE());

-- PointTransactions
INSERT INTO PointTransactions (Id, UserWalletUserId, Amount, TransactionType, ReferenceId, Description, CreatedAt) VALUES ('101010100000-0000-0000-0000-000000000001', '111111110000-0000-0000-0000-000000000001', 10, 0, NULL, 'Transaction 1', GETDATE());
INSERT INTO PointTransactions (Id, UserWalletUserId, Amount, TransactionType, ReferenceId, Description, CreatedAt) VALUES ('101010100000-0000-0000-0000-000000000002', '111111110000-0000-0000-0000-000000000002', 10, 0, NULL, 'Transaction 2', GETDATE());
INSERT INTO PointTransactions (Id, UserWalletUserId, Amount, TransactionType, ReferenceId, Description, CreatedAt) VALUES ('101010100000-0000-0000-0000-000000000003', '111111110000-0000-0000-0000-000000000003', 10, 0, NULL, 'Transaction 3', GETDATE());
INSERT INTO PointTransactions (Id, UserWalletUserId, Amount, TransactionType, ReferenceId, Description, CreatedAt) VALUES ('101010100000-0000-0000-0000-000000000004', '111111110000-0000-0000-0000-000000000004', 10, 0, NULL, 'Transaction 4', GETDATE());
INSERT INTO PointTransactions (Id, UserWalletUserId, Amount, TransactionType, ReferenceId, Description, CreatedAt) VALUES ('101010100000-0000-0000-0000-000000000005', '111111110000-0000-0000-0000-000000000005', 10, 0, NULL, 'Transaction 5', GETDATE());
INSERT INTO PointTransactions (Id, UserWalletUserId, Amount, TransactionType, ReferenceId, Description, CreatedAt) VALUES ('101010100000-0000-0000-0000-000000000006', '111111110000-0000-0000-0000-000000000006', 10, 0, NULL, 'Transaction 6', GETDATE());
INSERT INTO PointTransactions (Id, UserWalletUserId, Amount, TransactionType, ReferenceId, Description, CreatedAt) VALUES ('101010100000-0000-0000-0000-000000000007', '111111110000-0000-0000-0000-000000000007', 10, 0, NULL, 'Transaction 7', GETDATE());
INSERT INTO PointTransactions (Id, UserWalletUserId, Amount, TransactionType, ReferenceId, Description, CreatedAt) VALUES ('101010100000-0000-0000-0000-000000000008', '111111110000-0000-0000-0000-000000000008', 10, 0, NULL, 'Transaction 8', GETDATE());
INSERT INTO PointTransactions (Id, UserWalletUserId, Amount, TransactionType, ReferenceId, Description, CreatedAt) VALUES ('101010100000-0000-0000-0000-000000000009', '111111110000-0000-0000-0000-000000000009', 10, 0, NULL, 'Transaction 9', GETDATE());
INSERT INTO PointTransactions (Id, UserWalletUserId, Amount, TransactionType, ReferenceId, Description, CreatedAt) VALUES ('101010100000-0000-0000-0000-00000000000a', '111111110000-0000-0000-0000-00000000000a', 10, 0, NULL, 'Transaction 10', GETDATE());
INSERT INTO PointTransactions (Id, UserWalletUserId, Amount, TransactionType, ReferenceId, Description, CreatedAt) VALUES ('101010100000-0000-0000-0000-00000000000b', '111111110000-0000-0000-0000-00000000000b', 10, 0, NULL, 'Transaction 11', GETDATE());
INSERT INTO PointTransactions (Id, UserWalletUserId, Amount, TransactionType, ReferenceId, Description, CreatedAt) VALUES ('101010100000-0000-0000-0000-00000000000c', '111111110000-0000-0000-0000-00000000000c', 10, 0, NULL, 'Transaction 12', GETDATE());
INSERT INTO PointTransactions (Id, UserWalletUserId, Amount, TransactionType, ReferenceId, Description, CreatedAt) VALUES ('101010100000-0000-0000-0000-00000000000d', '111111110000-0000-0000-0000-00000000000d', 10, 0, NULL, 'Transaction 13', GETDATE());
INSERT INTO PointTransactions (Id, UserWalletUserId, Amount, TransactionType, ReferenceId, Description, CreatedAt) VALUES ('101010100000-0000-0000-0000-00000000000e', '111111110000-0000-0000-0000-00000000000e', 10, 0, NULL, 'Transaction 14', GETDATE());
INSERT INTO PointTransactions (Id, UserWalletUserId, Amount, TransactionType, ReferenceId, Description, CreatedAt) VALUES ('101010100000-0000-0000-0000-00000000000f', '111111110000-0000-0000-0000-00000000000f', 10, 0, NULL, 'Transaction 15', GETDATE());
INSERT INTO PointTransactions (Id, UserWalletUserId, Amount, TransactionType, ReferenceId, Description, CreatedAt) VALUES ('101010100000-0000-0000-0000-000000000010', '111111110000-0000-0000-0000-000000000010', 10, 0, NULL, 'Transaction 16', GETDATE());
INSERT INTO PointTransactions (Id, UserWalletUserId, Amount, TransactionType, ReferenceId, Description, CreatedAt) VALUES ('101010100000-0000-0000-0000-000000000011', '111111110000-0000-0000-0000-000000000011', 10, 0, NULL, 'Transaction 17', GETDATE());
INSERT INTO PointTransactions (Id, UserWalletUserId, Amount, TransactionType, ReferenceId, Description, CreatedAt) VALUES ('101010100000-0000-0000-0000-000000000012', '111111110000-0000-0000-0000-000000000012', 10, 0, NULL, 'Transaction 18', GETDATE());
INSERT INTO PointTransactions (Id, UserWalletUserId, Amount, TransactionType, ReferenceId, Description, CreatedAt) VALUES ('101010100000-0000-0000-0000-000000000013', '111111110000-0000-0000-0000-000000000013', 10, 0, NULL, 'Transaction 19', GETDATE());
INSERT INTO PointTransactions (Id, UserWalletUserId, Amount, TransactionType, ReferenceId, Description, CreatedAt) VALUES ('101010100000-0000-0000-0000-000000000014', '111111110000-0000-0000-0000-000000000014', 10, 0, NULL, 'Transaction 20', GETDATE());

-- AIPromptTemplates
INSERT INTO AIPromptTemplates (Id, Name, SystemPrompt, UserPromptTemplate, Description, IsActive, CreatedAt, UpdatedAt) VALUES ('202020200000-0000-0000-0000-000000000001', 'Prompt 1', 'Sys prompt', 'User prompt', 'Desc', 1, GETDATE(), GETDATE());
INSERT INTO AIPromptTemplates (Id, Name, SystemPrompt, UserPromptTemplate, Description, IsActive, CreatedAt, UpdatedAt) VALUES ('202020200000-0000-0000-0000-000000000002', 'Prompt 2', 'Sys prompt', 'User prompt', 'Desc', 1, GETDATE(), GETDATE());
INSERT INTO AIPromptTemplates (Id, Name, SystemPrompt, UserPromptTemplate, Description, IsActive, CreatedAt, UpdatedAt) VALUES ('202020200000-0000-0000-0000-000000000003', 'Prompt 3', 'Sys prompt', 'User prompt', 'Desc', 1, GETDATE(), GETDATE());
INSERT INTO AIPromptTemplates (Id, Name, SystemPrompt, UserPromptTemplate, Description, IsActive, CreatedAt, UpdatedAt) VALUES ('202020200000-0000-0000-0000-000000000004', 'Prompt 4', 'Sys prompt', 'User prompt', 'Desc', 1, GETDATE(), GETDATE());
INSERT INTO AIPromptTemplates (Id, Name, SystemPrompt, UserPromptTemplate, Description, IsActive, CreatedAt, UpdatedAt) VALUES ('202020200000-0000-0000-0000-000000000005', 'Prompt 5', 'Sys prompt', 'User prompt', 'Desc', 1, GETDATE(), GETDATE());
INSERT INTO AIPromptTemplates (Id, Name, SystemPrompt, UserPromptTemplate, Description, IsActive, CreatedAt, UpdatedAt) VALUES ('202020200000-0000-0000-0000-000000000006', 'Prompt 6', 'Sys prompt', 'User prompt', 'Desc', 1, GETDATE(), GETDATE());
INSERT INTO AIPromptTemplates (Id, Name, SystemPrompt, UserPromptTemplate, Description, IsActive, CreatedAt, UpdatedAt) VALUES ('202020200000-0000-0000-0000-000000000007', 'Prompt 7', 'Sys prompt', 'User prompt', 'Desc', 1, GETDATE(), GETDATE());
INSERT INTO AIPromptTemplates (Id, Name, SystemPrompt, UserPromptTemplate, Description, IsActive, CreatedAt, UpdatedAt) VALUES ('202020200000-0000-0000-0000-000000000008', 'Prompt 8', 'Sys prompt', 'User prompt', 'Desc', 1, GETDATE(), GETDATE());
INSERT INTO AIPromptTemplates (Id, Name, SystemPrompt, UserPromptTemplate, Description, IsActive, CreatedAt, UpdatedAt) VALUES ('202020200000-0000-0000-0000-000000000009', 'Prompt 9', 'Sys prompt', 'User prompt', 'Desc', 1, GETDATE(), GETDATE());
INSERT INTO AIPromptTemplates (Id, Name, SystemPrompt, UserPromptTemplate, Description, IsActive, CreatedAt, UpdatedAt) VALUES ('202020200000-0000-0000-0000-00000000000a', 'Prompt 10', 'Sys prompt', 'User prompt', 'Desc', 1, GETDATE(), GETDATE());
INSERT INTO AIPromptTemplates (Id, Name, SystemPrompt, UserPromptTemplate, Description, IsActive, CreatedAt, UpdatedAt) VALUES ('202020200000-0000-0000-0000-00000000000b', 'Prompt 11', 'Sys prompt', 'User prompt', 'Desc', 1, GETDATE(), GETDATE());
INSERT INTO AIPromptTemplates (Id, Name, SystemPrompt, UserPromptTemplate, Description, IsActive, CreatedAt, UpdatedAt) VALUES ('202020200000-0000-0000-0000-00000000000c', 'Prompt 12', 'Sys prompt', 'User prompt', 'Desc', 1, GETDATE(), GETDATE());
INSERT INTO AIPromptTemplates (Id, Name, SystemPrompt, UserPromptTemplate, Description, IsActive, CreatedAt, UpdatedAt) VALUES ('202020200000-0000-0000-0000-00000000000d', 'Prompt 13', 'Sys prompt', 'User prompt', 'Desc', 1, GETDATE(), GETDATE());
INSERT INTO AIPromptTemplates (Id, Name, SystemPrompt, UserPromptTemplate, Description, IsActive, CreatedAt, UpdatedAt) VALUES ('202020200000-0000-0000-0000-00000000000e', 'Prompt 14', 'Sys prompt', 'User prompt', 'Desc', 1, GETDATE(), GETDATE());
INSERT INTO AIPromptTemplates (Id, Name, SystemPrompt, UserPromptTemplate, Description, IsActive, CreatedAt, UpdatedAt) VALUES ('202020200000-0000-0000-0000-00000000000f', 'Prompt 15', 'Sys prompt', 'User prompt', 'Desc', 1, GETDATE(), GETDATE());
INSERT INTO AIPromptTemplates (Id, Name, SystemPrompt, UserPromptTemplate, Description, IsActive, CreatedAt, UpdatedAt) VALUES ('202020200000-0000-0000-0000-000000000010', 'Prompt 16', 'Sys prompt', 'User prompt', 'Desc', 1, GETDATE(), GETDATE());
INSERT INTO AIPromptTemplates (Id, Name, SystemPrompt, UserPromptTemplate, Description, IsActive, CreatedAt, UpdatedAt) VALUES ('202020200000-0000-0000-0000-000000000011', 'Prompt 17', 'Sys prompt', 'User prompt', 'Desc', 1, GETDATE(), GETDATE());
INSERT INTO AIPromptTemplates (Id, Name, SystemPrompt, UserPromptTemplate, Description, IsActive, CreatedAt, UpdatedAt) VALUES ('202020200000-0000-0000-0000-000000000012', 'Prompt 18', 'Sys prompt', 'User prompt', 'Desc', 1, GETDATE(), GETDATE());
INSERT INTO AIPromptTemplates (Id, Name, SystemPrompt, UserPromptTemplate, Description, IsActive, CreatedAt, UpdatedAt) VALUES ('202020200000-0000-0000-0000-000000000013', 'Prompt 19', 'Sys prompt', 'User prompt', 'Desc', 1, GETDATE(), GETDATE());
INSERT INTO AIPromptTemplates (Id, Name, SystemPrompt, UserPromptTemplate, Description, IsActive, CreatedAt, UpdatedAt) VALUES ('202020200000-0000-0000-0000-000000000014', 'Prompt 20', 'Sys prompt', 'User prompt', 'Desc', 1, GETDATE(), GETDATE());

-- AITokenUsages
INSERT INTO AITokenUsages (Id, UserId, Feature, PromptTokens, CompletionTokens, TotalTokens, ModelName, RequestTime, ProcessingTimeMs) VALUES ('303030300000-0000-0000-0000-000000000001', '111111110000-0000-0000-0000-000000000001', 'Feature 1', 10, 20, 30, 'Model', GETDATE(), 1000);
INSERT INTO AITokenUsages (Id, UserId, Feature, PromptTokens, CompletionTokens, TotalTokens, ModelName, RequestTime, ProcessingTimeMs) VALUES ('303030300000-0000-0000-0000-000000000002', '111111110000-0000-0000-0000-000000000002', 'Feature 2', 10, 20, 30, 'Model', GETDATE(), 1000);
INSERT INTO AITokenUsages (Id, UserId, Feature, PromptTokens, CompletionTokens, TotalTokens, ModelName, RequestTime, ProcessingTimeMs) VALUES ('303030300000-0000-0000-0000-000000000003', '111111110000-0000-0000-0000-000000000003', 'Feature 3', 10, 20, 30, 'Model', GETDATE(), 1000);
INSERT INTO AITokenUsages (Id, UserId, Feature, PromptTokens, CompletionTokens, TotalTokens, ModelName, RequestTime, ProcessingTimeMs) VALUES ('303030300000-0000-0000-0000-000000000004', '111111110000-0000-0000-0000-000000000004', 'Feature 4', 10, 20, 30, 'Model', GETDATE(), 1000);
INSERT INTO AITokenUsages (Id, UserId, Feature, PromptTokens, CompletionTokens, TotalTokens, ModelName, RequestTime, ProcessingTimeMs) VALUES ('303030300000-0000-0000-0000-000000000005', '111111110000-0000-0000-0000-000000000005', 'Feature 5', 10, 20, 30, 'Model', GETDATE(), 1000);
INSERT INTO AITokenUsages (Id, UserId, Feature, PromptTokens, CompletionTokens, TotalTokens, ModelName, RequestTime, ProcessingTimeMs) VALUES ('303030300000-0000-0000-0000-000000000006', '111111110000-0000-0000-0000-000000000006', 'Feature 6', 10, 20, 30, 'Model', GETDATE(), 1000);
INSERT INTO AITokenUsages (Id, UserId, Feature, PromptTokens, CompletionTokens, TotalTokens, ModelName, RequestTime, ProcessingTimeMs) VALUES ('303030300000-0000-0000-0000-000000000007', '111111110000-0000-0000-0000-000000000007', 'Feature 7', 10, 20, 30, 'Model', GETDATE(), 1000);
INSERT INTO AITokenUsages (Id, UserId, Feature, PromptTokens, CompletionTokens, TotalTokens, ModelName, RequestTime, ProcessingTimeMs) VALUES ('303030300000-0000-0000-0000-000000000008', '111111110000-0000-0000-0000-000000000008', 'Feature 8', 10, 20, 30, 'Model', GETDATE(), 1000);
INSERT INTO AITokenUsages (Id, UserId, Feature, PromptTokens, CompletionTokens, TotalTokens, ModelName, RequestTime, ProcessingTimeMs) VALUES ('303030300000-0000-0000-0000-000000000009', '111111110000-0000-0000-0000-000000000009', 'Feature 9', 10, 20, 30, 'Model', GETDATE(), 1000);
INSERT INTO AITokenUsages (Id, UserId, Feature, PromptTokens, CompletionTokens, TotalTokens, ModelName, RequestTime, ProcessingTimeMs) VALUES ('303030300000-0000-0000-0000-00000000000a', '111111110000-0000-0000-0000-00000000000a', 'Feature 10', 10, 20, 30, 'Model', GETDATE(), 1000);
INSERT INTO AITokenUsages (Id, UserId, Feature, PromptTokens, CompletionTokens, TotalTokens, ModelName, RequestTime, ProcessingTimeMs) VALUES ('303030300000-0000-0000-0000-00000000000b', '111111110000-0000-0000-0000-00000000000b', 'Feature 11', 10, 20, 30, 'Model', GETDATE(), 1000);
INSERT INTO AITokenUsages (Id, UserId, Feature, PromptTokens, CompletionTokens, TotalTokens, ModelName, RequestTime, ProcessingTimeMs) VALUES ('303030300000-0000-0000-0000-00000000000c', '111111110000-0000-0000-0000-00000000000c', 'Feature 12', 10, 20, 30, 'Model', GETDATE(), 1000);
INSERT INTO AITokenUsages (Id, UserId, Feature, PromptTokens, CompletionTokens, TotalTokens, ModelName, RequestTime, ProcessingTimeMs) VALUES ('303030300000-0000-0000-0000-00000000000d', '111111110000-0000-0000-0000-00000000000d', 'Feature 13', 10, 20, 30, 'Model', GETDATE(), 1000);
INSERT INTO AITokenUsages (Id, UserId, Feature, PromptTokens, CompletionTokens, TotalTokens, ModelName, RequestTime, ProcessingTimeMs) VALUES ('303030300000-0000-0000-0000-00000000000e', '111111110000-0000-0000-0000-00000000000e', 'Feature 14', 10, 20, 30, 'Model', GETDATE(), 1000);
INSERT INTO AITokenUsages (Id, UserId, Feature, PromptTokens, CompletionTokens, TotalTokens, ModelName, RequestTime, ProcessingTimeMs) VALUES ('303030300000-0000-0000-0000-00000000000f', '111111110000-0000-0000-0000-00000000000f', 'Feature 15', 10, 20, 30, 'Model', GETDATE(), 1000);
INSERT INTO AITokenUsages (Id, UserId, Feature, PromptTokens, CompletionTokens, TotalTokens, ModelName, RequestTime, ProcessingTimeMs) VALUES ('303030300000-0000-0000-0000-000000000010', '111111110000-0000-0000-0000-000000000010', 'Feature 16', 10, 20, 30, 'Model', GETDATE(), 1000);
INSERT INTO AITokenUsages (Id, UserId, Feature, PromptTokens, CompletionTokens, TotalTokens, ModelName, RequestTime, ProcessingTimeMs) VALUES ('303030300000-0000-0000-0000-000000000011', '111111110000-0000-0000-0000-000000000011', 'Feature 17', 10, 20, 30, 'Model', GETDATE(), 1000);
INSERT INTO AITokenUsages (Id, UserId, Feature, PromptTokens, CompletionTokens, TotalTokens, ModelName, RequestTime, ProcessingTimeMs) VALUES ('303030300000-0000-0000-0000-000000000012', '111111110000-0000-0000-0000-000000000012', 'Feature 18', 10, 20, 30, 'Model', GETDATE(), 1000);
INSERT INTO AITokenUsages (Id, UserId, Feature, PromptTokens, CompletionTokens, TotalTokens, ModelName, RequestTime, ProcessingTimeMs) VALUES ('303030300000-0000-0000-0000-000000000013', '111111110000-0000-0000-0000-000000000013', 'Feature 19', 10, 20, 30, 'Model', GETDATE(), 1000);
INSERT INTO AITokenUsages (Id, UserId, Feature, PromptTokens, CompletionTokens, TotalTokens, ModelName, RequestTime, ProcessingTimeMs) VALUES ('303030300000-0000-0000-0000-000000000014', '111111110000-0000-0000-0000-000000000014', 'Feature 20', 10, 20, 30, 'Model', GETDATE(), 1000);

-- AIFeedbacks
INSERT INTO AIFeedbacks (Id, UserId, Feature, IsHelpful, FeedbackText, RequestPayload, ResponsePayload, CreatedAt) VALUES ('404040400000-0000-0000-0000-000000000001', '111111110000-0000-0000-0000-000000000001', 'Feature 1', 1, 'Helpful', '{}', '{}', GETDATE());
INSERT INTO AIFeedbacks (Id, UserId, Feature, IsHelpful, FeedbackText, RequestPayload, ResponsePayload, CreatedAt) VALUES ('404040400000-0000-0000-0000-000000000002', '111111110000-0000-0000-0000-000000000002', 'Feature 2', 1, 'Helpful', '{}', '{}', GETDATE());
INSERT INTO AIFeedbacks (Id, UserId, Feature, IsHelpful, FeedbackText, RequestPayload, ResponsePayload, CreatedAt) VALUES ('404040400000-0000-0000-0000-000000000003', '111111110000-0000-0000-0000-000000000003', 'Feature 3', 1, 'Helpful', '{}', '{}', GETDATE());
INSERT INTO AIFeedbacks (Id, UserId, Feature, IsHelpful, FeedbackText, RequestPayload, ResponsePayload, CreatedAt) VALUES ('404040400000-0000-0000-0000-000000000004', '111111110000-0000-0000-0000-000000000004', 'Feature 4', 1, 'Helpful', '{}', '{}', GETDATE());
INSERT INTO AIFeedbacks (Id, UserId, Feature, IsHelpful, FeedbackText, RequestPayload, ResponsePayload, CreatedAt) VALUES ('404040400000-0000-0000-0000-000000000005', '111111110000-0000-0000-0000-000000000005', 'Feature 5', 1, 'Helpful', '{}', '{}', GETDATE());
INSERT INTO AIFeedbacks (Id, UserId, Feature, IsHelpful, FeedbackText, RequestPayload, ResponsePayload, CreatedAt) VALUES ('404040400000-0000-0000-0000-000000000006', '111111110000-0000-0000-0000-000000000006', 'Feature 6', 1, 'Helpful', '{}', '{}', GETDATE());
INSERT INTO AIFeedbacks (Id, UserId, Feature, IsHelpful, FeedbackText, RequestPayload, ResponsePayload, CreatedAt) VALUES ('404040400000-0000-0000-0000-000000000007', '111111110000-0000-0000-0000-000000000007', 'Feature 7', 1, 'Helpful', '{}', '{}', GETDATE());
INSERT INTO AIFeedbacks (Id, UserId, Feature, IsHelpful, FeedbackText, RequestPayload, ResponsePayload, CreatedAt) VALUES ('404040400000-0000-0000-0000-000000000008', '111111110000-0000-0000-0000-000000000008', 'Feature 8', 1, 'Helpful', '{}', '{}', GETDATE());
INSERT INTO AIFeedbacks (Id, UserId, Feature, IsHelpful, FeedbackText, RequestPayload, ResponsePayload, CreatedAt) VALUES ('404040400000-0000-0000-0000-000000000009', '111111110000-0000-0000-0000-000000000009', 'Feature 9', 1, 'Helpful', '{}', '{}', GETDATE());
INSERT INTO AIFeedbacks (Id, UserId, Feature, IsHelpful, FeedbackText, RequestPayload, ResponsePayload, CreatedAt) VALUES ('404040400000-0000-0000-0000-00000000000a', '111111110000-0000-0000-0000-00000000000a', 'Feature 10', 1, 'Helpful', '{}', '{}', GETDATE());
INSERT INTO AIFeedbacks (Id, UserId, Feature, IsHelpful, FeedbackText, RequestPayload, ResponsePayload, CreatedAt) VALUES ('404040400000-0000-0000-0000-00000000000b', '111111110000-0000-0000-0000-00000000000b', 'Feature 11', 1, 'Helpful', '{}', '{}', GETDATE());
INSERT INTO AIFeedbacks (Id, UserId, Feature, IsHelpful, FeedbackText, RequestPayload, ResponsePayload, CreatedAt) VALUES ('404040400000-0000-0000-0000-00000000000c', '111111110000-0000-0000-0000-00000000000c', 'Feature 12', 1, 'Helpful', '{}', '{}', GETDATE());
INSERT INTO AIFeedbacks (Id, UserId, Feature, IsHelpful, FeedbackText, RequestPayload, ResponsePayload, CreatedAt) VALUES ('404040400000-0000-0000-0000-00000000000d', '111111110000-0000-0000-0000-00000000000d', 'Feature 13', 1, 'Helpful', '{}', '{}', GETDATE());
INSERT INTO AIFeedbacks (Id, UserId, Feature, IsHelpful, FeedbackText, RequestPayload, ResponsePayload, CreatedAt) VALUES ('404040400000-0000-0000-0000-00000000000e', '111111110000-0000-0000-0000-00000000000e', 'Feature 14', 1, 'Helpful', '{}', '{}', GETDATE());
INSERT INTO AIFeedbacks (Id, UserId, Feature, IsHelpful, FeedbackText, RequestPayload, ResponsePayload, CreatedAt) VALUES ('404040400000-0000-0000-0000-00000000000f', '111111110000-0000-0000-0000-00000000000f', 'Feature 15', 1, 'Helpful', '{}', '{}', GETDATE());
INSERT INTO AIFeedbacks (Id, UserId, Feature, IsHelpful, FeedbackText, RequestPayload, ResponsePayload, CreatedAt) VALUES ('404040400000-0000-0000-0000-000000000010', '111111110000-0000-0000-0000-000000000010', 'Feature 16', 1, 'Helpful', '{}', '{}', GETDATE());
INSERT INTO AIFeedbacks (Id, UserId, Feature, IsHelpful, FeedbackText, RequestPayload, ResponsePayload, CreatedAt) VALUES ('404040400000-0000-0000-0000-000000000011', '111111110000-0000-0000-0000-000000000011', 'Feature 17', 1, 'Helpful', '{}', '{}', GETDATE());
INSERT INTO AIFeedbacks (Id, UserId, Feature, IsHelpful, FeedbackText, RequestPayload, ResponsePayload, CreatedAt) VALUES ('404040400000-0000-0000-0000-000000000012', '111111110000-0000-0000-0000-000000000012', 'Feature 18', 1, 'Helpful', '{}', '{}', GETDATE());
INSERT INTO AIFeedbacks (Id, UserId, Feature, IsHelpful, FeedbackText, RequestPayload, ResponsePayload, CreatedAt) VALUES ('404040400000-0000-0000-0000-000000000013', '111111110000-0000-0000-0000-000000000013', 'Feature 19', 1, 'Helpful', '{}', '{}', GETDATE());
INSERT INTO AIFeedbacks (Id, UserId, Feature, IsHelpful, FeedbackText, RequestPayload, ResponsePayload, CreatedAt) VALUES ('404040400000-0000-0000-0000-000000000014', '111111110000-0000-0000-0000-000000000014', 'Feature 20', 1, 'Helpful', '{}', '{}', GETDATE());

-- AITrainingDatasets
INSERT INTO AITrainingDatasets (Id, DataType, OriginalContent, ImprovedContent, Status, CreatorId, CreatedAt, UpdatedAt) VALUES ('505050500000-0000-0000-0000-000000000001', 0, 'Origin', 'Improved', 0, '111111110000-0000-0000-0000-000000000001', GETDATE(), GETDATE());
INSERT INTO AITrainingDatasets (Id, DataType, OriginalContent, ImprovedContent, Status, CreatorId, CreatedAt, UpdatedAt) VALUES ('505050500000-0000-0000-0000-000000000002', 0, 'Origin', 'Improved', 0, '111111110000-0000-0000-0000-000000000002', GETDATE(), GETDATE());
INSERT INTO AITrainingDatasets (Id, DataType, OriginalContent, ImprovedContent, Status, CreatorId, CreatedAt, UpdatedAt) VALUES ('505050500000-0000-0000-0000-000000000003', 0, 'Origin', 'Improved', 0, '111111110000-0000-0000-0000-000000000003', GETDATE(), GETDATE());
INSERT INTO AITrainingDatasets (Id, DataType, OriginalContent, ImprovedContent, Status, CreatorId, CreatedAt, UpdatedAt) VALUES ('505050500000-0000-0000-0000-000000000004', 0, 'Origin', 'Improved', 0, '111111110000-0000-0000-0000-000000000004', GETDATE(), GETDATE());
INSERT INTO AITrainingDatasets (Id, DataType, OriginalContent, ImprovedContent, Status, CreatorId, CreatedAt, UpdatedAt) VALUES ('505050500000-0000-0000-0000-000000000005', 0, 'Origin', 'Improved', 0, '111111110000-0000-0000-0000-000000000005', GETDATE(), GETDATE());
INSERT INTO AITrainingDatasets (Id, DataType, OriginalContent, ImprovedContent, Status, CreatorId, CreatedAt, UpdatedAt) VALUES ('505050500000-0000-0000-0000-000000000006', 0, 'Origin', 'Improved', 0, '111111110000-0000-0000-0000-000000000006', GETDATE(), GETDATE());
INSERT INTO AITrainingDatasets (Id, DataType, OriginalContent, ImprovedContent, Status, CreatorId, CreatedAt, UpdatedAt) VALUES ('505050500000-0000-0000-0000-000000000007', 0, 'Origin', 'Improved', 0, '111111110000-0000-0000-0000-000000000007', GETDATE(), GETDATE());
INSERT INTO AITrainingDatasets (Id, DataType, OriginalContent, ImprovedContent, Status, CreatorId, CreatedAt, UpdatedAt) VALUES ('505050500000-0000-0000-0000-000000000008', 0, 'Origin', 'Improved', 0, '111111110000-0000-0000-0000-000000000008', GETDATE(), GETDATE());
INSERT INTO AITrainingDatasets (Id, DataType, OriginalContent, ImprovedContent, Status, CreatorId, CreatedAt, UpdatedAt) VALUES ('505050500000-0000-0000-0000-000000000009', 0, 'Origin', 'Improved', 0, '111111110000-0000-0000-0000-000000000009', GETDATE(), GETDATE());
INSERT INTO AITrainingDatasets (Id, DataType, OriginalContent, ImprovedContent, Status, CreatorId, CreatedAt, UpdatedAt) VALUES ('505050500000-0000-0000-0000-00000000000a', 0, 'Origin', 'Improved', 0, '111111110000-0000-0000-0000-00000000000a', GETDATE(), GETDATE());
INSERT INTO AITrainingDatasets (Id, DataType, OriginalContent, ImprovedContent, Status, CreatorId, CreatedAt, UpdatedAt) VALUES ('505050500000-0000-0000-0000-00000000000b', 0, 'Origin', 'Improved', 0, '111111110000-0000-0000-0000-00000000000b', GETDATE(), GETDATE());
INSERT INTO AITrainingDatasets (Id, DataType, OriginalContent, ImprovedContent, Status, CreatorId, CreatedAt, UpdatedAt) VALUES ('505050500000-0000-0000-0000-00000000000c', 0, 'Origin', 'Improved', 0, '111111110000-0000-0000-0000-00000000000c', GETDATE(), GETDATE());
INSERT INTO AITrainingDatasets (Id, DataType, OriginalContent, ImprovedContent, Status, CreatorId, CreatedAt, UpdatedAt) VALUES ('505050500000-0000-0000-0000-00000000000d', 0, 'Origin', 'Improved', 0, '111111110000-0000-0000-0000-00000000000d', GETDATE(), GETDATE());
INSERT INTO AITrainingDatasets (Id, DataType, OriginalContent, ImprovedContent, Status, CreatorId, CreatedAt, UpdatedAt) VALUES ('505050500000-0000-0000-0000-00000000000e', 0, 'Origin', 'Improved', 0, '111111110000-0000-0000-0000-00000000000e', GETDATE(), GETDATE());
INSERT INTO AITrainingDatasets (Id, DataType, OriginalContent, ImprovedContent, Status, CreatorId, CreatedAt, UpdatedAt) VALUES ('505050500000-0000-0000-0000-00000000000f', 0, 'Origin', 'Improved', 0, '111111110000-0000-0000-0000-00000000000f', GETDATE(), GETDATE());
INSERT INTO AITrainingDatasets (Id, DataType, OriginalContent, ImprovedContent, Status, CreatorId, CreatedAt, UpdatedAt) VALUES ('505050500000-0000-0000-0000-000000000010', 0, 'Origin', 'Improved', 0, '111111110000-0000-0000-0000-000000000010', GETDATE(), GETDATE());
INSERT INTO AITrainingDatasets (Id, DataType, OriginalContent, ImprovedContent, Status, CreatorId, CreatedAt, UpdatedAt) VALUES ('505050500000-0000-0000-0000-000000000011', 0, 'Origin', 'Improved', 0, '111111110000-0000-0000-0000-000000000011', GETDATE(), GETDATE());
INSERT INTO AITrainingDatasets (Id, DataType, OriginalContent, ImprovedContent, Status, CreatorId, CreatedAt, UpdatedAt) VALUES ('505050500000-0000-0000-0000-000000000012', 0, 'Origin', 'Improved', 0, '111111110000-0000-0000-0000-000000000012', GETDATE(), GETDATE());
INSERT INTO AITrainingDatasets (Id, DataType, OriginalContent, ImprovedContent, Status, CreatorId, CreatedAt, UpdatedAt) VALUES ('505050500000-0000-0000-0000-000000000013', 0, 'Origin', 'Improved', 0, '111111110000-0000-0000-0000-000000000013', GETDATE(), GETDATE());
INSERT INTO AITrainingDatasets (Id, DataType, OriginalContent, ImprovedContent, Status, CreatorId, CreatedAt, UpdatedAt) VALUES ('505050500000-0000-0000-0000-000000000014', 0, 'Origin', 'Improved', 0, '111111110000-0000-0000-0000-000000000014', GETDATE(), GETDATE());

-- TaskVectorEmbeddings
INSERT INTO TaskVectorEmbeddings (WorkTaskId, VectorData, ModelVersion, LastUpdated) VALUES ('999999990000-0000-0000-0000-000000000001', '[]', 'v1', GETDATE());
INSERT INTO TaskVectorEmbeddings (WorkTaskId, VectorData, ModelVersion, LastUpdated) VALUES ('999999990000-0000-0000-0000-000000000002', '[]', 'v1', GETDATE());
INSERT INTO TaskVectorEmbeddings (WorkTaskId, VectorData, ModelVersion, LastUpdated) VALUES ('999999990000-0000-0000-0000-000000000003', '[]', 'v1', GETDATE());
INSERT INTO TaskVectorEmbeddings (WorkTaskId, VectorData, ModelVersion, LastUpdated) VALUES ('999999990000-0000-0000-0000-000000000004', '[]', 'v1', GETDATE());
INSERT INTO TaskVectorEmbeddings (WorkTaskId, VectorData, ModelVersion, LastUpdated) VALUES ('999999990000-0000-0000-0000-000000000005', '[]', 'v1', GETDATE());
INSERT INTO TaskVectorEmbeddings (WorkTaskId, VectorData, ModelVersion, LastUpdated) VALUES ('999999990000-0000-0000-0000-000000000006', '[]', 'v1', GETDATE());
INSERT INTO TaskVectorEmbeddings (WorkTaskId, VectorData, ModelVersion, LastUpdated) VALUES ('999999990000-0000-0000-0000-000000000007', '[]', 'v1', GETDATE());
INSERT INTO TaskVectorEmbeddings (WorkTaskId, VectorData, ModelVersion, LastUpdated) VALUES ('999999990000-0000-0000-0000-000000000008', '[]', 'v1', GETDATE());
INSERT INTO TaskVectorEmbeddings (WorkTaskId, VectorData, ModelVersion, LastUpdated) VALUES ('999999990000-0000-0000-0000-000000000009', '[]', 'v1', GETDATE());
INSERT INTO TaskVectorEmbeddings (WorkTaskId, VectorData, ModelVersion, LastUpdated) VALUES ('999999990000-0000-0000-0000-00000000000a', '[]', 'v1', GETDATE());
INSERT INTO TaskVectorEmbeddings (WorkTaskId, VectorData, ModelVersion, LastUpdated) VALUES ('999999990000-0000-0000-0000-00000000000b', '[]', 'v1', GETDATE());
INSERT INTO TaskVectorEmbeddings (WorkTaskId, VectorData, ModelVersion, LastUpdated) VALUES ('999999990000-0000-0000-0000-00000000000c', '[]', 'v1', GETDATE());
INSERT INTO TaskVectorEmbeddings (WorkTaskId, VectorData, ModelVersion, LastUpdated) VALUES ('999999990000-0000-0000-0000-00000000000d', '[]', 'v1', GETDATE());
INSERT INTO TaskVectorEmbeddings (WorkTaskId, VectorData, ModelVersion, LastUpdated) VALUES ('999999990000-0000-0000-0000-00000000000e', '[]', 'v1', GETDATE());
INSERT INTO TaskVectorEmbeddings (WorkTaskId, VectorData, ModelVersion, LastUpdated) VALUES ('999999990000-0000-0000-0000-00000000000f', '[]', 'v1', GETDATE());
INSERT INTO TaskVectorEmbeddings (WorkTaskId, VectorData, ModelVersion, LastUpdated) VALUES ('999999990000-0000-0000-0000-000000000010', '[]', 'v1', GETDATE());
INSERT INTO TaskVectorEmbeddings (WorkTaskId, VectorData, ModelVersion, LastUpdated) VALUES ('999999990000-0000-0000-0000-000000000011', '[]', 'v1', GETDATE());
INSERT INTO TaskVectorEmbeddings (WorkTaskId, VectorData, ModelVersion, LastUpdated) VALUES ('999999990000-0000-0000-0000-000000000012', '[]', 'v1', GETDATE());
INSERT INTO TaskVectorEmbeddings (WorkTaskId, VectorData, ModelVersion, LastUpdated) VALUES ('999999990000-0000-0000-0000-000000000013', '[]', 'v1', GETDATE());
INSERT INTO TaskVectorEmbeddings (WorkTaskId, VectorData, ModelVersion, LastUpdated) VALUES ('999999990000-0000-0000-0000-000000000014', '[]', 'v1', GETDATE());

-- TimeLogs
INSERT INTO TimeLogs (Id, WorkTaskId, UserId, TimeSpent, Description, LogDate, CreatedAt, UpdatedAt) VALUES ('707070700000-0000-0000-0000-000000000001', '999999990000-0000-0000-0000-000000000001', '111111110000-0000-0000-0000-000000000001', 2, 'Log 1', GETDATE(), GETDATE(), GETDATE());
INSERT INTO TimeLogs (Id, WorkTaskId, UserId, TimeSpent, Description, LogDate, CreatedAt, UpdatedAt) VALUES ('707070700000-0000-0000-0000-000000000002', '999999990000-0000-0000-0000-000000000002', '111111110000-0000-0000-0000-000000000002', 2, 'Log 2', GETDATE(), GETDATE(), GETDATE());
INSERT INTO TimeLogs (Id, WorkTaskId, UserId, TimeSpent, Description, LogDate, CreatedAt, UpdatedAt) VALUES ('707070700000-0000-0000-0000-000000000003', '999999990000-0000-0000-0000-000000000003', '111111110000-0000-0000-0000-000000000003', 2, 'Log 3', GETDATE(), GETDATE(), GETDATE());
INSERT INTO TimeLogs (Id, WorkTaskId, UserId, TimeSpent, Description, LogDate, CreatedAt, UpdatedAt) VALUES ('707070700000-0000-0000-0000-000000000004', '999999990000-0000-0000-0000-000000000004', '111111110000-0000-0000-0000-000000000004', 2, 'Log 4', GETDATE(), GETDATE(), GETDATE());
INSERT INTO TimeLogs (Id, WorkTaskId, UserId, TimeSpent, Description, LogDate, CreatedAt, UpdatedAt) VALUES ('707070700000-0000-0000-0000-000000000005', '999999990000-0000-0000-0000-000000000005', '111111110000-0000-0000-0000-000000000005', 2, 'Log 5', GETDATE(), GETDATE(), GETDATE());
INSERT INTO TimeLogs (Id, WorkTaskId, UserId, TimeSpent, Description, LogDate, CreatedAt, UpdatedAt) VALUES ('707070700000-0000-0000-0000-000000000006', '999999990000-0000-0000-0000-000000000006', '111111110000-0000-0000-0000-000000000006', 2, 'Log 6', GETDATE(), GETDATE(), GETDATE());
INSERT INTO TimeLogs (Id, WorkTaskId, UserId, TimeSpent, Description, LogDate, CreatedAt, UpdatedAt) VALUES ('707070700000-0000-0000-0000-000000000007', '999999990000-0000-0000-0000-000000000007', '111111110000-0000-0000-0000-000000000007', 2, 'Log 7', GETDATE(), GETDATE(), GETDATE());
INSERT INTO TimeLogs (Id, WorkTaskId, UserId, TimeSpent, Description, LogDate, CreatedAt, UpdatedAt) VALUES ('707070700000-0000-0000-0000-000000000008', '999999990000-0000-0000-0000-000000000008', '111111110000-0000-0000-0000-000000000008', 2, 'Log 8', GETDATE(), GETDATE(), GETDATE());
INSERT INTO TimeLogs (Id, WorkTaskId, UserId, TimeSpent, Description, LogDate, CreatedAt, UpdatedAt) VALUES ('707070700000-0000-0000-0000-000000000009', '999999990000-0000-0000-0000-000000000009', '111111110000-0000-0000-0000-000000000009', 2, 'Log 9', GETDATE(), GETDATE(), GETDATE());
INSERT INTO TimeLogs (Id, WorkTaskId, UserId, TimeSpent, Description, LogDate, CreatedAt, UpdatedAt) VALUES ('707070700000-0000-0000-0000-00000000000a', '999999990000-0000-0000-0000-00000000000a', '111111110000-0000-0000-0000-00000000000a', 2, 'Log 10', GETDATE(), GETDATE(), GETDATE());
INSERT INTO TimeLogs (Id, WorkTaskId, UserId, TimeSpent, Description, LogDate, CreatedAt, UpdatedAt) VALUES ('707070700000-0000-0000-0000-00000000000b', '999999990000-0000-0000-0000-00000000000b', '111111110000-0000-0000-0000-00000000000b', 2, 'Log 11', GETDATE(), GETDATE(), GETDATE());
INSERT INTO TimeLogs (Id, WorkTaskId, UserId, TimeSpent, Description, LogDate, CreatedAt, UpdatedAt) VALUES ('707070700000-0000-0000-0000-00000000000c', '999999990000-0000-0000-0000-00000000000c', '111111110000-0000-0000-0000-00000000000c', 2, 'Log 12', GETDATE(), GETDATE(), GETDATE());
INSERT INTO TimeLogs (Id, WorkTaskId, UserId, TimeSpent, Description, LogDate, CreatedAt, UpdatedAt) VALUES ('707070700000-0000-0000-0000-00000000000d', '999999990000-0000-0000-0000-00000000000d', '111111110000-0000-0000-0000-00000000000d', 2, 'Log 13', GETDATE(), GETDATE(), GETDATE());
INSERT INTO TimeLogs (Id, WorkTaskId, UserId, TimeSpent, Description, LogDate, CreatedAt, UpdatedAt) VALUES ('707070700000-0000-0000-0000-00000000000e', '999999990000-0000-0000-0000-00000000000e', '111111110000-0000-0000-0000-00000000000e', 2, 'Log 14', GETDATE(), GETDATE(), GETDATE());
INSERT INTO TimeLogs (Id, WorkTaskId, UserId, TimeSpent, Description, LogDate, CreatedAt, UpdatedAt) VALUES ('707070700000-0000-0000-0000-00000000000f', '999999990000-0000-0000-0000-00000000000f', '111111110000-0000-0000-0000-00000000000f', 2, 'Log 15', GETDATE(), GETDATE(), GETDATE());
INSERT INTO TimeLogs (Id, WorkTaskId, UserId, TimeSpent, Description, LogDate, CreatedAt, UpdatedAt) VALUES ('707070700000-0000-0000-0000-000000000010', '999999990000-0000-0000-0000-000000000010', '111111110000-0000-0000-0000-000000000010', 2, 'Log 16', GETDATE(), GETDATE(), GETDATE());
INSERT INTO TimeLogs (Id, WorkTaskId, UserId, TimeSpent, Description, LogDate, CreatedAt, UpdatedAt) VALUES ('707070700000-0000-0000-0000-000000000011', '999999990000-0000-0000-0000-000000000011', '111111110000-0000-0000-0000-000000000011', 2, 'Log 17', GETDATE(), GETDATE(), GETDATE());
INSERT INTO TimeLogs (Id, WorkTaskId, UserId, TimeSpent, Description, LogDate, CreatedAt, UpdatedAt) VALUES ('707070700000-0000-0000-0000-000000000012', '999999990000-0000-0000-0000-000000000012', '111111110000-0000-0000-0000-000000000012', 2, 'Log 18', GETDATE(), GETDATE(), GETDATE());
INSERT INTO TimeLogs (Id, WorkTaskId, UserId, TimeSpent, Description, LogDate, CreatedAt, UpdatedAt) VALUES ('707070700000-0000-0000-0000-000000000013', '999999990000-0000-0000-0000-000000000013', '111111110000-0000-0000-0000-000000000013', 2, 'Log 19', GETDATE(), GETDATE(), GETDATE());
INSERT INTO TimeLogs (Id, WorkTaskId, UserId, TimeSpent, Description, LogDate, CreatedAt, UpdatedAt) VALUES ('707070700000-0000-0000-0000-000000000014', '999999990000-0000-0000-0000-000000000014', '111111110000-0000-0000-0000-000000000014', 2, 'Log 20', GETDATE(), GETDATE(), GETDATE());

