-- =======================================================
-- SEED DATA SCRIPT FOR TASK MANAGEMENT DATABASE
-- Generates at least 20 rows per table with explicit FKs
-- =======================================================

-- Users
INSERT INTO Users (Id, Email, PasswordHash, FullName, IsActive, IsDeleted, CreatedAt, UpdatedAt) VALUES ('11111111-0000-0000-0000-000000000001', 'user1@test.com', 'hash1', 'User 1', 1, 0, GETDATE(), GETDATE());
INSERT INTO Users (Id, Email, PasswordHash, FullName, IsActive, IsDeleted, CreatedAt, UpdatedAt) VALUES ('11111111-0000-0000-0000-000000000002', 'user2@test.com', 'hash2', 'User 2', 1, 0, GETDATE(), GETDATE());
INSERT INTO Users (Id, Email, PasswordHash, FullName, IsActive, IsDeleted, CreatedAt, UpdatedAt) VALUES ('11111111-0000-0000-0000-000000000003', 'user3@test.com', 'hash3', 'User 3', 1, 0, GETDATE(), GETDATE());
INSERT INTO Users (Id, Email, PasswordHash, FullName, IsActive, IsDeleted, CreatedAt, UpdatedAt) VALUES ('11111111-0000-0000-0000-000000000004', 'user4@test.com', 'hash4', 'User 4', 1, 0, GETDATE(), GETDATE());
INSERT INTO Users (Id, Email, PasswordHash, FullName, IsActive, IsDeleted, CreatedAt, UpdatedAt) VALUES ('11111111-0000-0000-0000-000000000005', 'user5@test.com', 'hash5', 'User 5', 1, 0, GETDATE(), GETDATE());
INSERT INTO Users (Id, Email, PasswordHash, FullName, IsActive, IsDeleted, CreatedAt, UpdatedAt) VALUES ('11111111-0000-0000-0000-000000000006', 'user6@test.com', 'hash6', 'User 6', 1, 0, GETDATE(), GETDATE());
INSERT INTO Users (Id, Email, PasswordHash, FullName, IsActive, IsDeleted, CreatedAt, UpdatedAt) VALUES ('11111111-0000-0000-0000-000000000007', 'user7@test.com', 'hash7', 'User 7', 1, 0, GETDATE(), GETDATE());
INSERT INTO Users (Id, Email, PasswordHash, FullName, IsActive, IsDeleted, CreatedAt, UpdatedAt) VALUES ('11111111-0000-0000-0000-000000000008', 'user8@test.com', 'hash8', 'User 8', 1, 0, GETDATE(), GETDATE());
INSERT INTO Users (Id, Email, PasswordHash, FullName, IsActive, IsDeleted, CreatedAt, UpdatedAt) VALUES ('11111111-0000-0000-0000-000000000009', 'user9@test.com', 'hash9', 'User 9', 1, 0, GETDATE(), GETDATE());
INSERT INTO Users (Id, Email, PasswordHash, FullName, IsActive, IsDeleted, CreatedAt, UpdatedAt) VALUES ('11111111-0000-0000-0000-00000000000a', 'user10@test.com', 'hash10', 'User 10', 1, 0, GETDATE(), GETDATE());
INSERT INTO Users (Id, Email, PasswordHash, FullName, IsActive, IsDeleted, CreatedAt, UpdatedAt) VALUES ('11111111-0000-0000-0000-00000000000b', 'user11@test.com', 'hash11', 'User 11', 1, 0, GETDATE(), GETDATE());
INSERT INTO Users (Id, Email, PasswordHash, FullName, IsActive, IsDeleted, CreatedAt, UpdatedAt) VALUES ('11111111-0000-0000-0000-00000000000c', 'user12@test.com', 'hash12', 'User 12', 1, 0, GETDATE(), GETDATE());
INSERT INTO Users (Id, Email, PasswordHash, FullName, IsActive, IsDeleted, CreatedAt, UpdatedAt) VALUES ('11111111-0000-0000-0000-00000000000d', 'user13@test.com', 'hash13', 'User 13', 1, 0, GETDATE(), GETDATE());
INSERT INTO Users (Id, Email, PasswordHash, FullName, IsActive, IsDeleted, CreatedAt, UpdatedAt) VALUES ('11111111-0000-0000-0000-00000000000e', 'user14@test.com', 'hash14', 'User 14', 1, 0, GETDATE(), GETDATE());
INSERT INTO Users (Id, Email, PasswordHash, FullName, IsActive, IsDeleted, CreatedAt, UpdatedAt) VALUES ('11111111-0000-0000-0000-00000000000f', 'user15@test.com', 'hash15', 'User 15', 1, 0, GETDATE(), GETDATE());
INSERT INTO Users (Id, Email, PasswordHash, FullName, IsActive, IsDeleted, CreatedAt, UpdatedAt) VALUES ('11111111-0000-0000-0000-000000000010', 'user16@test.com', 'hash16', 'User 16', 1, 0, GETDATE(), GETDATE());
INSERT INTO Users (Id, Email, PasswordHash, FullName, IsActive, IsDeleted, CreatedAt, UpdatedAt) VALUES ('11111111-0000-0000-0000-000000000011', 'user17@test.com', 'hash17', 'User 17', 1, 0, GETDATE(), GETDATE());
INSERT INTO Users (Id, Email, PasswordHash, FullName, IsActive, IsDeleted, CreatedAt, UpdatedAt) VALUES ('11111111-0000-0000-0000-000000000012', 'user18@test.com', 'hash18', 'User 18', 1, 0, GETDATE(), GETDATE());
INSERT INTO Users (Id, Email, PasswordHash, FullName, IsActive, IsDeleted, CreatedAt, UpdatedAt) VALUES ('11111111-0000-0000-0000-000000000013', 'user19@test.com', 'hash19', 'User 19', 1, 0, GETDATE(), GETDATE());
INSERT INTO Users (Id, Email, PasswordHash, FullName, IsActive, IsDeleted, CreatedAt, UpdatedAt) VALUES ('11111111-0000-0000-0000-000000000014', 'user20@test.com', 'hash20', 'User 20', 1, 0, GETDATE(), GETDATE());

-- Roles
INSERT INTO Roles (Id, Name, Description) VALUES ('22222222-0000-0000-0000-000000000001', 'PM', 'Description for PM');
INSERT INTO Roles (Id, Name, Description) VALUES ('22222222-0000-0000-0000-000000000002', 'PO', 'Description for PO');
INSERT INTO Roles (Id, Name, Description) VALUES ('22222222-0000-0000-0000-000000000003', 'DEV', 'Description for DEV');
INSERT INTO Roles (Id, Name, Description) VALUES ('22222222-0000-0000-0000-000000000004', 'SM', 'Description for SM');
INSERT INTO Roles (Id, Name, Description) VALUES ('22222222-0000-0000-0000-000000000005', 'PA', 'Description for PA');
INSERT INTO Roles (Id, Name, Description) VALUES ('22222222-0000-0000-0000-000000000006', 'Accountant', 'Description for Accountant');
INSERT INTO Roles (Id, Name, Description) VALUES ('22222222-0000-0000-0000-000000000007', 'Marketing', 'Description for Marketing');
INSERT INTO Roles (Id, Name, Description) VALUES ('22222222-0000-0000-0000-000000000008', 'System Admin', 'Description for System Admin');
INSERT INTO Roles (Id, Name, Description) VALUES ('22222222-0000-0000-0000-000000000009', 'QA/Tester', 'Description for QA/Tester');
INSERT INTO Roles (Id, Name, Description) VALUES ('22222222-0000-0000-0000-00000000000a', 'UI/UX Designer', 'Description for UI/UX Designer');
INSERT INTO Roles (Id, Name, Description) VALUES ('22222222-0000-0000-0000-00000000000b', 'Stakeholder/Client', 'Description for Stakeholder/Client');
INSERT INTO Roles (Id, Name, Description) VALUES ('22222222-0000-0000-0000-00000000000c', 'DevOps / Deployment', 'Description for DevOps / Deployment');
INSERT INTO Roles (Id, Name, Description) VALUES ('22222222-0000-0000-0000-00000000000d', 'HR Manager', 'Description for HR Manager');
INSERT INTO Roles (Id, Name, Description) VALUES ('22222222-0000-0000-0000-00000000000e', 'Sales Representative', 'Description for Sales Representative');
INSERT INTO Roles (Id, Name, Description) VALUES ('22222222-0000-0000-0000-00000000000f', 'Customer Support', 'Description for Customer Support');
INSERT INTO Roles (Id, Name, Description) VALUES ('22222222-0000-0000-0000-000000000010', 'Business Analyst', 'Description for Business Analyst');
INSERT INTO Roles (Id, Name, Description) VALUES ('22222222-0000-0000-0000-000000000011', 'Content Writer', 'Description for Content Writer');
INSERT INTO Roles (Id, Name, Description) VALUES ('22222222-0000-0000-0000-000000000012', 'Legal Advisor', 'Description for Legal Advisor');
INSERT INTO Roles (Id, Name, Description) VALUES ('22222222-0000-0000-0000-000000000013', 'Data Scientist', 'Description for Data Scientist');
INSERT INTO Roles (Id, Name, Description) VALUES ('22222222-0000-0000-0000-000000000014', 'Security Engineer', 'Description for Security Engineer');

-- UserRoles
INSERT INTO UserRoles (UserId, RoleId) VALUES ('11111111-0000-0000-0000-000000000001', '22222222-0000-0000-0000-000000000001');
INSERT INTO UserRoles (UserId, RoleId) VALUES ('11111111-0000-0000-0000-000000000002', '22222222-0000-0000-0000-000000000002');
INSERT INTO UserRoles (UserId, RoleId) VALUES ('11111111-0000-0000-0000-000000000003', '22222222-0000-0000-0000-000000000003');
INSERT INTO UserRoles (UserId, RoleId) VALUES ('11111111-0000-0000-0000-000000000004', '22222222-0000-0000-0000-000000000004');
INSERT INTO UserRoles (UserId, RoleId) VALUES ('11111111-0000-0000-0000-000000000005', '22222222-0000-0000-0000-000000000005');
INSERT INTO UserRoles (UserId, RoleId) VALUES ('11111111-0000-0000-0000-000000000006', '22222222-0000-0000-0000-000000000006');
INSERT INTO UserRoles (UserId, RoleId) VALUES ('11111111-0000-0000-0000-000000000007', '22222222-0000-0000-0000-000000000007');
INSERT INTO UserRoles (UserId, RoleId) VALUES ('11111111-0000-0000-0000-000000000008', '22222222-0000-0000-0000-000000000008');
INSERT INTO UserRoles (UserId, RoleId) VALUES ('11111111-0000-0000-0000-000000000009', '22222222-0000-0000-0000-000000000009');
INSERT INTO UserRoles (UserId, RoleId) VALUES ('11111111-0000-0000-0000-00000000000a', '22222222-0000-0000-0000-00000000000a');
INSERT INTO UserRoles (UserId, RoleId) VALUES ('11111111-0000-0000-0000-00000000000b', '22222222-0000-0000-0000-00000000000b');
INSERT INTO UserRoles (UserId, RoleId) VALUES ('11111111-0000-0000-0000-00000000000c', '22222222-0000-0000-0000-00000000000c');
INSERT INTO UserRoles (UserId, RoleId) VALUES ('11111111-0000-0000-0000-00000000000d', '22222222-0000-0000-0000-00000000000d');
INSERT INTO UserRoles (UserId, RoleId) VALUES ('11111111-0000-0000-0000-00000000000e', '22222222-0000-0000-0000-00000000000e');
INSERT INTO UserRoles (UserId, RoleId) VALUES ('11111111-0000-0000-0000-00000000000f', '22222222-0000-0000-0000-00000000000f');
INSERT INTO UserRoles (UserId, RoleId) VALUES ('11111111-0000-0000-0000-000000000010', '22222222-0000-0000-0000-000000000010');
INSERT INTO UserRoles (UserId, RoleId) VALUES ('11111111-0000-0000-0000-000000000011', '22222222-0000-0000-0000-000000000011');
INSERT INTO UserRoles (UserId, RoleId) VALUES ('11111111-0000-0000-0000-000000000012', '22222222-0000-0000-0000-000000000012');
INSERT INTO UserRoles (UserId, RoleId) VALUES ('11111111-0000-0000-0000-000000000013', '22222222-0000-0000-0000-000000000013');
INSERT INTO UserRoles (UserId, RoleId) VALUES ('11111111-0000-0000-0000-000000000014', '22222222-0000-0000-0000-000000000014');

-- Permissions
INSERT INTO Permissions (Id, Code, Module) VALUES ('33333333-0000-0000-0000-000000000001', 'PERM_1', 'Module2');
INSERT INTO Permissions (Id, Code, Module) VALUES ('33333333-0000-0000-0000-000000000002', 'PERM_2', 'Module3');
INSERT INTO Permissions (Id, Code, Module) VALUES ('33333333-0000-0000-0000-000000000003', 'PERM_3', 'Module4');
INSERT INTO Permissions (Id, Code, Module) VALUES ('33333333-0000-0000-0000-000000000004', 'PERM_4', 'Module5');
INSERT INTO Permissions (Id, Code, Module) VALUES ('33333333-0000-0000-0000-000000000005', 'PERM_5', 'Module1');
INSERT INTO Permissions (Id, Code, Module) VALUES ('33333333-0000-0000-0000-000000000006', 'PERM_6', 'Module2');
INSERT INTO Permissions (Id, Code, Module) VALUES ('33333333-0000-0000-0000-000000000007', 'PERM_7', 'Module3');
INSERT INTO Permissions (Id, Code, Module) VALUES ('33333333-0000-0000-0000-000000000008', 'PERM_8', 'Module4');
INSERT INTO Permissions (Id, Code, Module) VALUES ('33333333-0000-0000-0000-000000000009', 'PERM_9', 'Module5');
INSERT INTO Permissions (Id, Code, Module) VALUES ('33333333-0000-0000-0000-00000000000a', 'PERM_10', 'Module1');
INSERT INTO Permissions (Id, Code, Module) VALUES ('33333333-0000-0000-0000-00000000000b', 'PERM_11', 'Module2');
INSERT INTO Permissions (Id, Code, Module) VALUES ('33333333-0000-0000-0000-00000000000c', 'PERM_12', 'Module3');
INSERT INTO Permissions (Id, Code, Module) VALUES ('33333333-0000-0000-0000-00000000000d', 'PERM_13', 'Module4');
INSERT INTO Permissions (Id, Code, Module) VALUES ('33333333-0000-0000-0000-00000000000e', 'PERM_14', 'Module5');
INSERT INTO Permissions (Id, Code, Module) VALUES ('33333333-0000-0000-0000-00000000000f', 'PERM_15', 'Module1');
INSERT INTO Permissions (Id, Code, Module) VALUES ('33333333-0000-0000-0000-000000000010', 'PERM_16', 'Module2');
INSERT INTO Permissions (Id, Code, Module) VALUES ('33333333-0000-0000-0000-000000000011', 'PERM_17', 'Module3');
INSERT INTO Permissions (Id, Code, Module) VALUES ('33333333-0000-0000-0000-000000000012', 'PERM_18', 'Module4');
INSERT INTO Permissions (Id, Code, Module) VALUES ('33333333-0000-0000-0000-000000000013', 'PERM_19', 'Module5');
INSERT INTO Permissions (Id, Code, Module) VALUES ('33333333-0000-0000-0000-000000000014', 'PERM_20', 'Module1');

-- RolePermissions
INSERT INTO RolePermissions (RoleId, PermissionId) VALUES ('22222222-0000-0000-0000-000000000001', '33333333-0000-0000-0000-000000000001');
INSERT INTO RolePermissions (RoleId, PermissionId) VALUES ('22222222-0000-0000-0000-000000000002', '33333333-0000-0000-0000-000000000002');
INSERT INTO RolePermissions (RoleId, PermissionId) VALUES ('22222222-0000-0000-0000-000000000003', '33333333-0000-0000-0000-000000000003');
INSERT INTO RolePermissions (RoleId, PermissionId) VALUES ('22222222-0000-0000-0000-000000000004', '33333333-0000-0000-0000-000000000004');
INSERT INTO RolePermissions (RoleId, PermissionId) VALUES ('22222222-0000-0000-0000-000000000005', '33333333-0000-0000-0000-000000000005');
INSERT INTO RolePermissions (RoleId, PermissionId) VALUES ('22222222-0000-0000-0000-000000000006', '33333333-0000-0000-0000-000000000006');
INSERT INTO RolePermissions (RoleId, PermissionId) VALUES ('22222222-0000-0000-0000-000000000007', '33333333-0000-0000-0000-000000000007');
INSERT INTO RolePermissions (RoleId, PermissionId) VALUES ('22222222-0000-0000-0000-000000000008', '33333333-0000-0000-0000-000000000008');
INSERT INTO RolePermissions (RoleId, PermissionId) VALUES ('22222222-0000-0000-0000-000000000009', '33333333-0000-0000-0000-000000000009');
INSERT INTO RolePermissions (RoleId, PermissionId) VALUES ('22222222-0000-0000-0000-00000000000a', '33333333-0000-0000-0000-00000000000a');
INSERT INTO RolePermissions (RoleId, PermissionId) VALUES ('22222222-0000-0000-0000-00000000000b', '33333333-0000-0000-0000-00000000000b');
INSERT INTO RolePermissions (RoleId, PermissionId) VALUES ('22222222-0000-0000-0000-00000000000c', '33333333-0000-0000-0000-00000000000c');
INSERT INTO RolePermissions (RoleId, PermissionId) VALUES ('22222222-0000-0000-0000-00000000000d', '33333333-0000-0000-0000-00000000000d');
INSERT INTO RolePermissions (RoleId, PermissionId) VALUES ('22222222-0000-0000-0000-00000000000e', '33333333-0000-0000-0000-00000000000e');
INSERT INTO RolePermissions (RoleId, PermissionId) VALUES ('22222222-0000-0000-0000-00000000000f', '33333333-0000-0000-0000-00000000000f');
INSERT INTO RolePermissions (RoleId, PermissionId) VALUES ('22222222-0000-0000-0000-000000000010', '33333333-0000-0000-0000-000000000010');
INSERT INTO RolePermissions (RoleId, PermissionId) VALUES ('22222222-0000-0000-0000-000000000011', '33333333-0000-0000-0000-000000000011');
INSERT INTO RolePermissions (RoleId, PermissionId) VALUES ('22222222-0000-0000-0000-000000000012', '33333333-0000-0000-0000-000000000012');
INSERT INTO RolePermissions (RoleId, PermissionId) VALUES ('22222222-0000-0000-0000-000000000013', '33333333-0000-0000-0000-000000000013');
INSERT INTO RolePermissions (RoleId, PermissionId) VALUES ('22222222-0000-0000-0000-000000000014', '33333333-0000-0000-0000-000000000014');

-- Departments
INSERT INTO Departments (Id, Name, ManagerId, CreatedAt, IsActive, IsDeleted) VALUES ('44444444-0000-0000-0000-000000000001', 'Department 1', '11111111-0000-0000-0000-000000000001', GETDATE(), 1, 0);
INSERT INTO Departments (Id, Name, ManagerId, CreatedAt, IsActive, IsDeleted) VALUES ('44444444-0000-0000-0000-000000000002', 'Department 2', '11111111-0000-0000-0000-000000000002', GETDATE(), 1, 0);
INSERT INTO Departments (Id, Name, ManagerId, CreatedAt, IsActive, IsDeleted) VALUES ('44444444-0000-0000-0000-000000000003', 'Department 3', '11111111-0000-0000-0000-000000000003', GETDATE(), 1, 0);
INSERT INTO Departments (Id, Name, ManagerId, CreatedAt, IsActive, IsDeleted) VALUES ('44444444-0000-0000-0000-000000000004', 'Department 4', '11111111-0000-0000-0000-000000000004', GETDATE(), 1, 0);
INSERT INTO Departments (Id, Name, ManagerId, CreatedAt, IsActive, IsDeleted) VALUES ('44444444-0000-0000-0000-000000000005', 'Department 5', '11111111-0000-0000-0000-000000000005', GETDATE(), 1, 0);
INSERT INTO Departments (Id, Name, ManagerId, CreatedAt, IsActive, IsDeleted) VALUES ('44444444-0000-0000-0000-000000000006', 'Department 6', '11111111-0000-0000-0000-000000000006', GETDATE(), 1, 0);
INSERT INTO Departments (Id, Name, ManagerId, CreatedAt, IsActive, IsDeleted) VALUES ('44444444-0000-0000-0000-000000000007', 'Department 7', '11111111-0000-0000-0000-000000000007', GETDATE(), 1, 0);
INSERT INTO Departments (Id, Name, ManagerId, CreatedAt, IsActive, IsDeleted) VALUES ('44444444-0000-0000-0000-000000000008', 'Department 8', '11111111-0000-0000-0000-000000000008', GETDATE(), 1, 0);
INSERT INTO Departments (Id, Name, ManagerId, CreatedAt, IsActive, IsDeleted) VALUES ('44444444-0000-0000-0000-000000000009', 'Department 9', '11111111-0000-0000-0000-000000000009', GETDATE(), 1, 0);
INSERT INTO Departments (Id, Name, ManagerId, CreatedAt, IsActive, IsDeleted) VALUES ('44444444-0000-0000-0000-00000000000a', 'Department 10', '11111111-0000-0000-0000-00000000000a', GETDATE(), 1, 0);
INSERT INTO Departments (Id, Name, ManagerId, CreatedAt, IsActive, IsDeleted) VALUES ('44444444-0000-0000-0000-00000000000b', 'Department 11', '11111111-0000-0000-0000-00000000000b', GETDATE(), 1, 0);
INSERT INTO Departments (Id, Name, ManagerId, CreatedAt, IsActive, IsDeleted) VALUES ('44444444-0000-0000-0000-00000000000c', 'Department 12', '11111111-0000-0000-0000-00000000000c', GETDATE(), 1, 0);
INSERT INTO Departments (Id, Name, ManagerId, CreatedAt, IsActive, IsDeleted) VALUES ('44444444-0000-0000-0000-00000000000d', 'Department 13', '11111111-0000-0000-0000-00000000000d', GETDATE(), 1, 0);
INSERT INTO Departments (Id, Name, ManagerId, CreatedAt, IsActive, IsDeleted) VALUES ('44444444-0000-0000-0000-00000000000e', 'Department 14', '11111111-0000-0000-0000-00000000000e', GETDATE(), 1, 0);
INSERT INTO Departments (Id, Name, ManagerId, CreatedAt, IsActive, IsDeleted) VALUES ('44444444-0000-0000-0000-00000000000f', 'Department 15', '11111111-0000-0000-0000-00000000000f', GETDATE(), 1, 0);
INSERT INTO Departments (Id, Name, ManagerId, CreatedAt, IsActive, IsDeleted) VALUES ('44444444-0000-0000-0000-000000000010', 'Department 16', '11111111-0000-0000-0000-000000000010', GETDATE(), 1, 0);
INSERT INTO Departments (Id, Name, ManagerId, CreatedAt, IsActive, IsDeleted) VALUES ('44444444-0000-0000-0000-000000000011', 'Department 17', '11111111-0000-0000-0000-000000000011', GETDATE(), 1, 0);
INSERT INTO Departments (Id, Name, ManagerId, CreatedAt, IsActive, IsDeleted) VALUES ('44444444-0000-0000-0000-000000000012', 'Department 18', '11111111-0000-0000-0000-000000000012', GETDATE(), 1, 0);
INSERT INTO Departments (Id, Name, ManagerId, CreatedAt, IsActive, IsDeleted) VALUES ('44444444-0000-0000-0000-000000000013', 'Department 19', '11111111-0000-0000-0000-000000000013', GETDATE(), 1, 0);
INSERT INTO Departments (Id, Name, ManagerId, CreatedAt, IsActive, IsDeleted) VALUES ('44444444-0000-0000-0000-000000000014', 'Department 20', '11111111-0000-0000-0000-000000000014', GETDATE(), 1, 0);

-- DepartmentMembers
INSERT INTO DepartmentMembers (DepartmentId, UserId, JoinedAt) VALUES ('44444444-0000-0000-0000-000000000001', '11111111-0000-0000-0000-000000000001', GETDATE());
INSERT INTO DepartmentMembers (DepartmentId, UserId, JoinedAt) VALUES ('44444444-0000-0000-0000-000000000002', '11111111-0000-0000-0000-000000000002', GETDATE());
INSERT INTO DepartmentMembers (DepartmentId, UserId, JoinedAt) VALUES ('44444444-0000-0000-0000-000000000003', '11111111-0000-0000-0000-000000000003', GETDATE());
INSERT INTO DepartmentMembers (DepartmentId, UserId, JoinedAt) VALUES ('44444444-0000-0000-0000-000000000004', '11111111-0000-0000-0000-000000000004', GETDATE());
INSERT INTO DepartmentMembers (DepartmentId, UserId, JoinedAt) VALUES ('44444444-0000-0000-0000-000000000005', '11111111-0000-0000-0000-000000000005', GETDATE());
INSERT INTO DepartmentMembers (DepartmentId, UserId, JoinedAt) VALUES ('44444444-0000-0000-0000-000000000006', '11111111-0000-0000-0000-000000000006', GETDATE());
INSERT INTO DepartmentMembers (DepartmentId, UserId, JoinedAt) VALUES ('44444444-0000-0000-0000-000000000007', '11111111-0000-0000-0000-000000000007', GETDATE());
INSERT INTO DepartmentMembers (DepartmentId, UserId, JoinedAt) VALUES ('44444444-0000-0000-0000-000000000008', '11111111-0000-0000-0000-000000000008', GETDATE());
INSERT INTO DepartmentMembers (DepartmentId, UserId, JoinedAt) VALUES ('44444444-0000-0000-0000-000000000009', '11111111-0000-0000-0000-000000000009', GETDATE());
INSERT INTO DepartmentMembers (DepartmentId, UserId, JoinedAt) VALUES ('44444444-0000-0000-0000-00000000000a', '11111111-0000-0000-0000-00000000000a', GETDATE());
INSERT INTO DepartmentMembers (DepartmentId, UserId, JoinedAt) VALUES ('44444444-0000-0000-0000-00000000000b', '11111111-0000-0000-0000-00000000000b', GETDATE());
INSERT INTO DepartmentMembers (DepartmentId, UserId, JoinedAt) VALUES ('44444444-0000-0000-0000-00000000000c', '11111111-0000-0000-0000-00000000000c', GETDATE());
INSERT INTO DepartmentMembers (DepartmentId, UserId, JoinedAt) VALUES ('44444444-0000-0000-0000-00000000000d', '11111111-0000-0000-0000-00000000000d', GETDATE());
INSERT INTO DepartmentMembers (DepartmentId, UserId, JoinedAt) VALUES ('44444444-0000-0000-0000-00000000000e', '11111111-0000-0000-0000-00000000000e', GETDATE());
INSERT INTO DepartmentMembers (DepartmentId, UserId, JoinedAt) VALUES ('44444444-0000-0000-0000-00000000000f', '11111111-0000-0000-0000-00000000000f', GETDATE());
INSERT INTO DepartmentMembers (DepartmentId, UserId, JoinedAt) VALUES ('44444444-0000-0000-0000-000000000010', '11111111-0000-0000-0000-000000000010', GETDATE());
INSERT INTO DepartmentMembers (DepartmentId, UserId, JoinedAt) VALUES ('44444444-0000-0000-0000-000000000011', '11111111-0000-0000-0000-000000000011', GETDATE());
INSERT INTO DepartmentMembers (DepartmentId, UserId, JoinedAt) VALUES ('44444444-0000-0000-0000-000000000012', '11111111-0000-0000-0000-000000000012', GETDATE());
INSERT INTO DepartmentMembers (DepartmentId, UserId, JoinedAt) VALUES ('44444444-0000-0000-0000-000000000013', '11111111-0000-0000-0000-000000000013', GETDATE());
INSERT INTO DepartmentMembers (DepartmentId, UserId, JoinedAt) VALUES ('44444444-0000-0000-0000-000000000014', '11111111-0000-0000-0000-000000000014', GETDATE());

-- Projects
INSERT INTO Projects (Id, Name, Description, StartDate, EndDate, Status, IsDeleted, CreatorId, CreatedAt, UpdatedAt) VALUES ('55555555-0000-0000-0000-000000000001', 'Project 1', 'Proj Desc 1', GETDATE(), DATEADD(month, 3, GETDATE()), 1, 0, '11111111-0000-0000-0000-000000000001', GETDATE(), GETDATE());
INSERT INTO Projects (Id, Name, Description, StartDate, EndDate, Status, IsDeleted, CreatorId, CreatedAt, UpdatedAt) VALUES ('55555555-0000-0000-0000-000000000002', 'Project 2', 'Proj Desc 2', GETDATE(), DATEADD(month, 3, GETDATE()), 2, 0, '11111111-0000-0000-0000-000000000002', GETDATE(), GETDATE());
INSERT INTO Projects (Id, Name, Description, StartDate, EndDate, Status, IsDeleted, CreatorId, CreatedAt, UpdatedAt) VALUES ('55555555-0000-0000-0000-000000000003', 'Project 3', 'Proj Desc 3', GETDATE(), DATEADD(month, 3, GETDATE()), 0, 0, '11111111-0000-0000-0000-000000000003', GETDATE(), GETDATE());
INSERT INTO Projects (Id, Name, Description, StartDate, EndDate, Status, IsDeleted, CreatorId, CreatedAt, UpdatedAt) VALUES ('55555555-0000-0000-0000-000000000004', 'Project 4', 'Proj Desc 4', GETDATE(), DATEADD(month, 3, GETDATE()), 1, 0, '11111111-0000-0000-0000-000000000004', GETDATE(), GETDATE());
INSERT INTO Projects (Id, Name, Description, StartDate, EndDate, Status, IsDeleted, CreatorId, CreatedAt, UpdatedAt) VALUES ('55555555-0000-0000-0000-000000000005', 'Project 5', 'Proj Desc 5', GETDATE(), DATEADD(month, 3, GETDATE()), 2, 0, '11111111-0000-0000-0000-000000000005', GETDATE(), GETDATE());
INSERT INTO Projects (Id, Name, Description, StartDate, EndDate, Status, IsDeleted, CreatorId, CreatedAt, UpdatedAt) VALUES ('55555555-0000-0000-0000-000000000006', 'Project 6', 'Proj Desc 6', GETDATE(), DATEADD(month, 3, GETDATE()), 0, 0, '11111111-0000-0000-0000-000000000006', GETDATE(), GETDATE());
INSERT INTO Projects (Id, Name, Description, StartDate, EndDate, Status, IsDeleted, CreatorId, CreatedAt, UpdatedAt) VALUES ('55555555-0000-0000-0000-000000000007', 'Project 7', 'Proj Desc 7', GETDATE(), DATEADD(month, 3, GETDATE()), 1, 0, '11111111-0000-0000-0000-000000000007', GETDATE(), GETDATE());
INSERT INTO Projects (Id, Name, Description, StartDate, EndDate, Status, IsDeleted, CreatorId, CreatedAt, UpdatedAt) VALUES ('55555555-0000-0000-0000-000000000008', 'Project 8', 'Proj Desc 8', GETDATE(), DATEADD(month, 3, GETDATE()), 2, 0, '11111111-0000-0000-0000-000000000008', GETDATE(), GETDATE());
INSERT INTO Projects (Id, Name, Description, StartDate, EndDate, Status, IsDeleted, CreatorId, CreatedAt, UpdatedAt) VALUES ('55555555-0000-0000-0000-000000000009', 'Project 9', 'Proj Desc 9', GETDATE(), DATEADD(month, 3, GETDATE()), 0, 0, '11111111-0000-0000-0000-000000000009', GETDATE(), GETDATE());
INSERT INTO Projects (Id, Name, Description, StartDate, EndDate, Status, IsDeleted, CreatorId, CreatedAt, UpdatedAt) VALUES ('55555555-0000-0000-0000-00000000000a', 'Project 10', 'Proj Desc 10', GETDATE(), DATEADD(month, 3, GETDATE()), 1, 0, '11111111-0000-0000-0000-00000000000a', GETDATE(), GETDATE());
INSERT INTO Projects (Id, Name, Description, StartDate, EndDate, Status, IsDeleted, CreatorId, CreatedAt, UpdatedAt) VALUES ('55555555-0000-0000-0000-00000000000b', 'Project 11', 'Proj Desc 11', GETDATE(), DATEADD(month, 3, GETDATE()), 2, 0, '11111111-0000-0000-0000-00000000000b', GETDATE(), GETDATE());
INSERT INTO Projects (Id, Name, Description, StartDate, EndDate, Status, IsDeleted, CreatorId, CreatedAt, UpdatedAt) VALUES ('55555555-0000-0000-0000-00000000000c', 'Project 12', 'Proj Desc 12', GETDATE(), DATEADD(month, 3, GETDATE()), 0, 0, '11111111-0000-0000-0000-00000000000c', GETDATE(), GETDATE());
INSERT INTO Projects (Id, Name, Description, StartDate, EndDate, Status, IsDeleted, CreatorId, CreatedAt, UpdatedAt) VALUES ('55555555-0000-0000-0000-00000000000d', 'Project 13', 'Proj Desc 13', GETDATE(), DATEADD(month, 3, GETDATE()), 1, 0, '11111111-0000-0000-0000-00000000000d', GETDATE(), GETDATE());
INSERT INTO Projects (Id, Name, Description, StartDate, EndDate, Status, IsDeleted, CreatorId, CreatedAt, UpdatedAt) VALUES ('55555555-0000-0000-0000-00000000000e', 'Project 14', 'Proj Desc 14', GETDATE(), DATEADD(month, 3, GETDATE()), 2, 0, '11111111-0000-0000-0000-00000000000e', GETDATE(), GETDATE());
INSERT INTO Projects (Id, Name, Description, StartDate, EndDate, Status, IsDeleted, CreatorId, CreatedAt, UpdatedAt) VALUES ('55555555-0000-0000-0000-00000000000f', 'Project 15', 'Proj Desc 15', GETDATE(), DATEADD(month, 3, GETDATE()), 0, 0, '11111111-0000-0000-0000-00000000000f', GETDATE(), GETDATE());
INSERT INTO Projects (Id, Name, Description, StartDate, EndDate, Status, IsDeleted, CreatorId, CreatedAt, UpdatedAt) VALUES ('55555555-0000-0000-0000-000000000010', 'Project 16', 'Proj Desc 16', GETDATE(), DATEADD(month, 3, GETDATE()), 1, 0, '11111111-0000-0000-0000-000000000010', GETDATE(), GETDATE());
INSERT INTO Projects (Id, Name, Description, StartDate, EndDate, Status, IsDeleted, CreatorId, CreatedAt, UpdatedAt) VALUES ('55555555-0000-0000-0000-000000000011', 'Project 17', 'Proj Desc 17', GETDATE(), DATEADD(month, 3, GETDATE()), 2, 0, '11111111-0000-0000-0000-000000000011', GETDATE(), GETDATE());
INSERT INTO Projects (Id, Name, Description, StartDate, EndDate, Status, IsDeleted, CreatorId, CreatedAt, UpdatedAt) VALUES ('55555555-0000-0000-0000-000000000012', 'Project 18', 'Proj Desc 18', GETDATE(), DATEADD(month, 3, GETDATE()), 0, 0, '11111111-0000-0000-0000-000000000012', GETDATE(), GETDATE());
INSERT INTO Projects (Id, Name, Description, StartDate, EndDate, Status, IsDeleted, CreatorId, CreatedAt, UpdatedAt) VALUES ('55555555-0000-0000-0000-000000000013', 'Project 19', 'Proj Desc 19', GETDATE(), DATEADD(month, 3, GETDATE()), 1, 0, '11111111-0000-0000-0000-000000000013', GETDATE(), GETDATE());
INSERT INTO Projects (Id, Name, Description, StartDate, EndDate, Status, IsDeleted, CreatorId, CreatedAt, UpdatedAt) VALUES ('55555555-0000-0000-0000-000000000014', 'Project 20', 'Proj Desc 20', GETDATE(), DATEADD(month, 3, GETDATE()), 2, 0, '11111111-0000-0000-0000-000000000014', GETDATE(), GETDATE());

-- ProjectMembers
INSERT INTO ProjectMembers (ProjectId, UserId, ProjectRole, JoinedAt, Status) VALUES ('55555555-0000-0000-0000-000000000001', '11111111-0000-0000-0000-000000000001', 'DEV', GETDATE(), 1);
INSERT INTO ProjectMembers (ProjectId, UserId, ProjectRole, JoinedAt, Status) VALUES ('55555555-0000-0000-0000-000000000002', '11111111-0000-0000-0000-000000000002', 'DEV', GETDATE(), 1);
INSERT INTO ProjectMembers (ProjectId, UserId, ProjectRole, JoinedAt, Status) VALUES ('55555555-0000-0000-0000-000000000003', '11111111-0000-0000-0000-000000000003', 'DEV', GETDATE(), 1);
INSERT INTO ProjectMembers (ProjectId, UserId, ProjectRole, JoinedAt, Status) VALUES ('55555555-0000-0000-0000-000000000004', '11111111-0000-0000-0000-000000000004', 'DEV', GETDATE(), 1);
INSERT INTO ProjectMembers (ProjectId, UserId, ProjectRole, JoinedAt, Status) VALUES ('55555555-0000-0000-0000-000000000005', '11111111-0000-0000-0000-000000000005', 'DEV', GETDATE(), 1);
INSERT INTO ProjectMembers (ProjectId, UserId, ProjectRole, JoinedAt, Status) VALUES ('55555555-0000-0000-0000-000000000006', '11111111-0000-0000-0000-000000000006', 'DEV', GETDATE(), 1);
INSERT INTO ProjectMembers (ProjectId, UserId, ProjectRole, JoinedAt, Status) VALUES ('55555555-0000-0000-0000-000000000007', '11111111-0000-0000-0000-000000000007', 'DEV', GETDATE(), 1);
INSERT INTO ProjectMembers (ProjectId, UserId, ProjectRole, JoinedAt, Status) VALUES ('55555555-0000-0000-0000-000000000008', '11111111-0000-0000-0000-000000000008', 'DEV', GETDATE(), 1);
INSERT INTO ProjectMembers (ProjectId, UserId, ProjectRole, JoinedAt, Status) VALUES ('55555555-0000-0000-0000-000000000009', '11111111-0000-0000-0000-000000000009', 'DEV', GETDATE(), 1);
INSERT INTO ProjectMembers (ProjectId, UserId, ProjectRole, JoinedAt, Status) VALUES ('55555555-0000-0000-0000-00000000000a', '11111111-0000-0000-0000-00000000000a', 'DEV', GETDATE(), 1);
INSERT INTO ProjectMembers (ProjectId, UserId, ProjectRole, JoinedAt, Status) VALUES ('55555555-0000-0000-0000-00000000000b', '11111111-0000-0000-0000-00000000000b', 'DEV', GETDATE(), 1);
INSERT INTO ProjectMembers (ProjectId, UserId, ProjectRole, JoinedAt, Status) VALUES ('55555555-0000-0000-0000-00000000000c', '11111111-0000-0000-0000-00000000000c', 'DEV', GETDATE(), 1);
INSERT INTO ProjectMembers (ProjectId, UserId, ProjectRole, JoinedAt, Status) VALUES ('55555555-0000-0000-0000-00000000000d', '11111111-0000-0000-0000-00000000000d', 'DEV', GETDATE(), 1);
INSERT INTO ProjectMembers (ProjectId, UserId, ProjectRole, JoinedAt, Status) VALUES ('55555555-0000-0000-0000-00000000000e', '11111111-0000-0000-0000-00000000000e', 'DEV', GETDATE(), 1);
INSERT INTO ProjectMembers (ProjectId, UserId, ProjectRole, JoinedAt, Status) VALUES ('55555555-0000-0000-0000-00000000000f', '11111111-0000-0000-0000-00000000000f', 'DEV', GETDATE(), 1);
INSERT INTO ProjectMembers (ProjectId, UserId, ProjectRole, JoinedAt, Status) VALUES ('55555555-0000-0000-0000-000000000010', '11111111-0000-0000-0000-000000000010', 'DEV', GETDATE(), 1);
INSERT INTO ProjectMembers (ProjectId, UserId, ProjectRole, JoinedAt, Status) VALUES ('55555555-0000-0000-0000-000000000011', '11111111-0000-0000-0000-000000000011', 'DEV', GETDATE(), 1);
INSERT INTO ProjectMembers (ProjectId, UserId, ProjectRole, JoinedAt, Status) VALUES ('55555555-0000-0000-0000-000000000012', '11111111-0000-0000-0000-000000000012', 'DEV', GETDATE(), 1);
INSERT INTO ProjectMembers (ProjectId, UserId, ProjectRole, JoinedAt, Status) VALUES ('55555555-0000-0000-0000-000000000013', '11111111-0000-0000-0000-000000000013', 'DEV', GETDATE(), 1);
INSERT INTO ProjectMembers (ProjectId, UserId, ProjectRole, JoinedAt, Status) VALUES ('55555555-0000-0000-0000-000000000014', '11111111-0000-0000-0000-000000000014', 'DEV', GETDATE(), 1);

-- Sprints
INSERT INTO Sprints (Id, Name, StartDate, EndDate, ProjectId, Status, CreatedAt) VALUES ('66666666-0000-0000-0000-000000000001', 'Sprint 1', GETDATE(), DATEADD(day, 14, GETDATE()), '55555555-0000-0000-0000-000000000001', 1, GETDATE());
INSERT INTO Sprints (Id, Name, StartDate, EndDate, ProjectId, Status, CreatedAt) VALUES ('66666666-0000-0000-0000-000000000002', 'Sprint 2', GETDATE(), DATEADD(day, 14, GETDATE()), '55555555-0000-0000-0000-000000000002', 0, GETDATE());
INSERT INTO Sprints (Id, Name, StartDate, EndDate, ProjectId, Status, CreatedAt) VALUES ('66666666-0000-0000-0000-000000000003', 'Sprint 3', GETDATE(), DATEADD(day, 14, GETDATE()), '55555555-0000-0000-0000-000000000003', 1, GETDATE());
INSERT INTO Sprints (Id, Name, StartDate, EndDate, ProjectId, Status, CreatedAt) VALUES ('66666666-0000-0000-0000-000000000004', 'Sprint 4', GETDATE(), DATEADD(day, 14, GETDATE()), '55555555-0000-0000-0000-000000000004', 0, GETDATE());
INSERT INTO Sprints (Id, Name, StartDate, EndDate, ProjectId, Status, CreatedAt) VALUES ('66666666-0000-0000-0000-000000000005', 'Sprint 5', GETDATE(), DATEADD(day, 14, GETDATE()), '55555555-0000-0000-0000-000000000005', 1, GETDATE());
INSERT INTO Sprints (Id, Name, StartDate, EndDate, ProjectId, Status, CreatedAt) VALUES ('66666666-0000-0000-0000-000000000006', 'Sprint 6', GETDATE(), DATEADD(day, 14, GETDATE()), '55555555-0000-0000-0000-000000000006', 0, GETDATE());
INSERT INTO Sprints (Id, Name, StartDate, EndDate, ProjectId, Status, CreatedAt) VALUES ('66666666-0000-0000-0000-000000000007', 'Sprint 7', GETDATE(), DATEADD(day, 14, GETDATE()), '55555555-0000-0000-0000-000000000007', 1, GETDATE());
INSERT INTO Sprints (Id, Name, StartDate, EndDate, ProjectId, Status, CreatedAt) VALUES ('66666666-0000-0000-0000-000000000008', 'Sprint 8', GETDATE(), DATEADD(day, 14, GETDATE()), '55555555-0000-0000-0000-000000000008', 0, GETDATE());
INSERT INTO Sprints (Id, Name, StartDate, EndDate, ProjectId, Status, CreatedAt) VALUES ('66666666-0000-0000-0000-000000000009', 'Sprint 9', GETDATE(), DATEADD(day, 14, GETDATE()), '55555555-0000-0000-0000-000000000009', 1, GETDATE());
INSERT INTO Sprints (Id, Name, StartDate, EndDate, ProjectId, Status, CreatedAt) VALUES ('66666666-0000-0000-0000-00000000000a', 'Sprint 10', GETDATE(), DATEADD(day, 14, GETDATE()), '55555555-0000-0000-0000-00000000000a', 0, GETDATE());
INSERT INTO Sprints (Id, Name, StartDate, EndDate, ProjectId, Status, CreatedAt) VALUES ('66666666-0000-0000-0000-00000000000b', 'Sprint 11', GETDATE(), DATEADD(day, 14, GETDATE()), '55555555-0000-0000-0000-00000000000b', 1, GETDATE());
INSERT INTO Sprints (Id, Name, StartDate, EndDate, ProjectId, Status, CreatedAt) VALUES ('66666666-0000-0000-0000-00000000000c', 'Sprint 12', GETDATE(), DATEADD(day, 14, GETDATE()), '55555555-0000-0000-0000-00000000000c', 0, GETDATE());
INSERT INTO Sprints (Id, Name, StartDate, EndDate, ProjectId, Status, CreatedAt) VALUES ('66666666-0000-0000-0000-00000000000d', 'Sprint 13', GETDATE(), DATEADD(day, 14, GETDATE()), '55555555-0000-0000-0000-00000000000d', 1, GETDATE());
INSERT INTO Sprints (Id, Name, StartDate, EndDate, ProjectId, Status, CreatedAt) VALUES ('66666666-0000-0000-0000-00000000000e', 'Sprint 14', GETDATE(), DATEADD(day, 14, GETDATE()), '55555555-0000-0000-0000-00000000000e', 0, GETDATE());
INSERT INTO Sprints (Id, Name, StartDate, EndDate, ProjectId, Status, CreatedAt) VALUES ('66666666-0000-0000-0000-00000000000f', 'Sprint 15', GETDATE(), DATEADD(day, 14, GETDATE()), '55555555-0000-0000-0000-00000000000f', 1, GETDATE());
INSERT INTO Sprints (Id, Name, StartDate, EndDate, ProjectId, Status, CreatedAt) VALUES ('66666666-0000-0000-0000-000000000010', 'Sprint 16', GETDATE(), DATEADD(day, 14, GETDATE()), '55555555-0000-0000-0000-000000000010', 0, GETDATE());
INSERT INTO Sprints (Id, Name, StartDate, EndDate, ProjectId, Status, CreatedAt) VALUES ('66666666-0000-0000-0000-000000000011', 'Sprint 17', GETDATE(), DATEADD(day, 14, GETDATE()), '55555555-0000-0000-0000-000000000011', 1, GETDATE());
INSERT INTO Sprints (Id, Name, StartDate, EndDate, ProjectId, Status, CreatedAt) VALUES ('66666666-0000-0000-0000-000000000012', 'Sprint 18', GETDATE(), DATEADD(day, 14, GETDATE()), '55555555-0000-0000-0000-000000000012', 0, GETDATE());
INSERT INTO Sprints (Id, Name, StartDate, EndDate, ProjectId, Status, CreatedAt) VALUES ('66666666-0000-0000-0000-000000000013', 'Sprint 19', GETDATE(), DATEADD(day, 14, GETDATE()), '55555555-0000-0000-0000-000000000013', 1, GETDATE());
INSERT INTO Sprints (Id, Name, StartDate, EndDate, ProjectId, Status, CreatedAt) VALUES ('66666666-0000-0000-0000-000000000014', 'Sprint 20', GETDATE(), DATEADD(day, 14, GETDATE()), '55555555-0000-0000-0000-000000000014', 0, GETDATE());

-- TaskTypes
INSERT INTO TaskTypes (Id, Name, ColorCode, Icon, ProjectId) VALUES ('77777777-0000-0000-0000-000000000001', 'Type 1', '#FFFFFF', 'icon-1', '55555555-0000-0000-0000-000000000001');
INSERT INTO TaskTypes (Id, Name, ColorCode, Icon, ProjectId) VALUES ('77777777-0000-0000-0000-000000000002', 'Type 2', '#FFFFFF', 'icon-2', '55555555-0000-0000-0000-000000000002');
INSERT INTO TaskTypes (Id, Name, ColorCode, Icon, ProjectId) VALUES ('77777777-0000-0000-0000-000000000003', 'Type 3', '#FFFFFF', 'icon-3', '55555555-0000-0000-0000-000000000003');
INSERT INTO TaskTypes (Id, Name, ColorCode, Icon, ProjectId) VALUES ('77777777-0000-0000-0000-000000000004', 'Type 4', '#FFFFFF', 'icon-4', '55555555-0000-0000-0000-000000000004');
INSERT INTO TaskTypes (Id, Name, ColorCode, Icon, ProjectId) VALUES ('77777777-0000-0000-0000-000000000005', 'Type 5', '#FFFFFF', 'icon-5', '55555555-0000-0000-0000-000000000005');
INSERT INTO TaskTypes (Id, Name, ColorCode, Icon, ProjectId) VALUES ('77777777-0000-0000-0000-000000000006', 'Type 6', '#FFFFFF', 'icon-6', '55555555-0000-0000-0000-000000000006');
INSERT INTO TaskTypes (Id, Name, ColorCode, Icon, ProjectId) VALUES ('77777777-0000-0000-0000-000000000007', 'Type 7', '#FFFFFF', 'icon-7', '55555555-0000-0000-0000-000000000007');
INSERT INTO TaskTypes (Id, Name, ColorCode, Icon, ProjectId) VALUES ('77777777-0000-0000-0000-000000000008', 'Type 8', '#FFFFFF', 'icon-8', '55555555-0000-0000-0000-000000000008');
INSERT INTO TaskTypes (Id, Name, ColorCode, Icon, ProjectId) VALUES ('77777777-0000-0000-0000-000000000009', 'Type 9', '#FFFFFF', 'icon-9', '55555555-0000-0000-0000-000000000009');
INSERT INTO TaskTypes (Id, Name, ColorCode, Icon, ProjectId) VALUES ('77777777-0000-0000-0000-00000000000a', 'Type 10', '#FFFFFF', 'icon-10', '55555555-0000-0000-0000-00000000000a');
INSERT INTO TaskTypes (Id, Name, ColorCode, Icon, ProjectId) VALUES ('77777777-0000-0000-0000-00000000000b', 'Type 11', '#FFFFFF', 'icon-11', '55555555-0000-0000-0000-00000000000b');
INSERT INTO TaskTypes (Id, Name, ColorCode, Icon, ProjectId) VALUES ('77777777-0000-0000-0000-00000000000c', 'Type 12', '#FFFFFF', 'icon-12', '55555555-0000-0000-0000-00000000000c');
INSERT INTO TaskTypes (Id, Name, ColorCode, Icon, ProjectId) VALUES ('77777777-0000-0000-0000-00000000000d', 'Type 13', '#FFFFFF', 'icon-13', '55555555-0000-0000-0000-00000000000d');
INSERT INTO TaskTypes (Id, Name, ColorCode, Icon, ProjectId) VALUES ('77777777-0000-0000-0000-00000000000e', 'Type 14', '#FFFFFF', 'icon-14', '55555555-0000-0000-0000-00000000000e');
INSERT INTO TaskTypes (Id, Name, ColorCode, Icon, ProjectId) VALUES ('77777777-0000-0000-0000-00000000000f', 'Type 15', '#FFFFFF', 'icon-15', '55555555-0000-0000-0000-00000000000f');
INSERT INTO TaskTypes (Id, Name, ColorCode, Icon, ProjectId) VALUES ('77777777-0000-0000-0000-000000000010', 'Type 16', '#FFFFFF', 'icon-16', '55555555-0000-0000-0000-000000000010');
INSERT INTO TaskTypes (Id, Name, ColorCode, Icon, ProjectId) VALUES ('77777777-0000-0000-0000-000000000011', 'Type 17', '#FFFFFF', 'icon-17', '55555555-0000-0000-0000-000000000011');
INSERT INTO TaskTypes (Id, Name, ColorCode, Icon, ProjectId) VALUES ('77777777-0000-0000-0000-000000000012', 'Type 18', '#FFFFFF', 'icon-18', '55555555-0000-0000-0000-000000000012');
INSERT INTO TaskTypes (Id, Name, ColorCode, Icon, ProjectId) VALUES ('77777777-0000-0000-0000-000000000013', 'Type 19', '#FFFFFF', 'icon-19', '55555555-0000-0000-0000-000000000013');
INSERT INTO TaskTypes (Id, Name, ColorCode, Icon, ProjectId) VALUES ('77777777-0000-0000-0000-000000000014', 'Type 20', '#FFFFFF', 'icon-20', '55555555-0000-0000-0000-000000000014');

-- TaskStatuses
INSERT INTO TaskStatuses (Id, Name, ColorCode, Position, ProjectId) VALUES ('88888888-0000-0000-0000-000000000001', 'Status 1', '#000000', 1, '55555555-0000-0000-0000-000000000001');
INSERT INTO TaskStatuses (Id, Name, ColorCode, Position, ProjectId) VALUES ('88888888-0000-0000-0000-000000000002', 'Status 2', '#000000', 2, '55555555-0000-0000-0000-000000000002');
INSERT INTO TaskStatuses (Id, Name, ColorCode, Position, ProjectId) VALUES ('88888888-0000-0000-0000-000000000003', 'Status 3', '#000000', 3, '55555555-0000-0000-0000-000000000003');
INSERT INTO TaskStatuses (Id, Name, ColorCode, Position, ProjectId) VALUES ('88888888-0000-0000-0000-000000000004', 'Status 4', '#000000', 4, '55555555-0000-0000-0000-000000000004');
INSERT INTO TaskStatuses (Id, Name, ColorCode, Position, ProjectId) VALUES ('88888888-0000-0000-0000-000000000005', 'Status 5', '#000000', 5, '55555555-0000-0000-0000-000000000005');
INSERT INTO TaskStatuses (Id, Name, ColorCode, Position, ProjectId) VALUES ('88888888-0000-0000-0000-000000000006', 'Status 6', '#000000', 6, '55555555-0000-0000-0000-000000000006');
INSERT INTO TaskStatuses (Id, Name, ColorCode, Position, ProjectId) VALUES ('88888888-0000-0000-0000-000000000007', 'Status 7', '#000000', 7, '55555555-0000-0000-0000-000000000007');
INSERT INTO TaskStatuses (Id, Name, ColorCode, Position, ProjectId) VALUES ('88888888-0000-0000-0000-000000000008', 'Status 8', '#000000', 8, '55555555-0000-0000-0000-000000000008');
INSERT INTO TaskStatuses (Id, Name, ColorCode, Position, ProjectId) VALUES ('88888888-0000-0000-0000-000000000009', 'Status 9', '#000000', 9, '55555555-0000-0000-0000-000000000009');
INSERT INTO TaskStatuses (Id, Name, ColorCode, Position, ProjectId) VALUES ('88888888-0000-0000-0000-00000000000a', 'Status 10', '#000000', 10, '55555555-0000-0000-0000-00000000000a');
INSERT INTO TaskStatuses (Id, Name, ColorCode, Position, ProjectId) VALUES ('88888888-0000-0000-0000-00000000000b', 'Status 11', '#000000', 11, '55555555-0000-0000-0000-00000000000b');
INSERT INTO TaskStatuses (Id, Name, ColorCode, Position, ProjectId) VALUES ('88888888-0000-0000-0000-00000000000c', 'Status 12', '#000000', 12, '55555555-0000-0000-0000-00000000000c');
INSERT INTO TaskStatuses (Id, Name, ColorCode, Position, ProjectId) VALUES ('88888888-0000-0000-0000-00000000000d', 'Status 13', '#000000', 13, '55555555-0000-0000-0000-00000000000d');
INSERT INTO TaskStatuses (Id, Name, ColorCode, Position, ProjectId) VALUES ('88888888-0000-0000-0000-00000000000e', 'Status 14', '#000000', 14, '55555555-0000-0000-0000-00000000000e');
INSERT INTO TaskStatuses (Id, Name, ColorCode, Position, ProjectId) VALUES ('88888888-0000-0000-0000-00000000000f', 'Status 15', '#000000', 15, '55555555-0000-0000-0000-00000000000f');
INSERT INTO TaskStatuses (Id, Name, ColorCode, Position, ProjectId) VALUES ('88888888-0000-0000-0000-000000000010', 'Status 16', '#000000', 16, '55555555-0000-0000-0000-000000000010');
INSERT INTO TaskStatuses (Id, Name, ColorCode, Position, ProjectId) VALUES ('88888888-0000-0000-0000-000000000011', 'Status 17', '#000000', 17, '55555555-0000-0000-0000-000000000011');
INSERT INTO TaskStatuses (Id, Name, ColorCode, Position, ProjectId) VALUES ('88888888-0000-0000-0000-000000000012', 'Status 18', '#000000', 18, '55555555-0000-0000-0000-000000000012');
INSERT INTO TaskStatuses (Id, Name, ColorCode, Position, ProjectId) VALUES ('88888888-0000-0000-0000-000000000013', 'Status 19', '#000000', 19, '55555555-0000-0000-0000-000000000013');
INSERT INTO TaskStatuses (Id, Name, ColorCode, Position, ProjectId) VALUES ('88888888-0000-0000-0000-000000000014', 'Status 20', '#000000', 20, '55555555-0000-0000-0000-000000000014');

-- WorkTasks
INSERT INTO WorkTasks (Id, Title, Description, Priority, StoryPoints, PlannedStartDate, PlannedEndDate, IsDeleted, ProjectId, SprintId, TaskTypeId, TaskStatusId, ReporterId, TotalEstimatedHours, TotalActualHours, CreatedAt, UpdatedAt) VALUES ('99999999-0000-0000-0000-000000000001', 'Task 1', 'Desc 1', 1, 1, GETDATE(), DATEADD(day, 5, GETDATE()), 0, '55555555-0000-0000-0000-000000000002', '66666666-0000-0000-0000-000000000002', '77777777-0000-0000-0000-000000000002', '88888888-0000-0000-0000-000000000002', '11111111-0000-0000-0000-000000000002', 8, 4, GETDATE(), GETDATE());
INSERT INTO WorkTasks (Id, Title, Description, Priority, StoryPoints, PlannedStartDate, PlannedEndDate, IsDeleted, ProjectId, SprintId, TaskTypeId, TaskStatusId, ReporterId, TotalEstimatedHours, TotalActualHours, CreatedAt, UpdatedAt) VALUES ('99999999-0000-0000-0000-000000000002', 'Task 2', 'Desc 2', 2, 2, GETDATE(), DATEADD(day, 5, GETDATE()), 0, '55555555-0000-0000-0000-000000000003', '66666666-0000-0000-0000-000000000003', '77777777-0000-0000-0000-000000000003', '88888888-0000-0000-0000-000000000003', '11111111-0000-0000-0000-000000000003', 8, 4, GETDATE(), GETDATE());
INSERT INTO WorkTasks (Id, Title, Description, Priority, StoryPoints, PlannedStartDate, PlannedEndDate, IsDeleted, ProjectId, SprintId, TaskTypeId, TaskStatusId, ReporterId, TotalEstimatedHours, TotalActualHours, CreatedAt, UpdatedAt) VALUES ('99999999-0000-0000-0000-000000000003', 'Task 3', 'Desc 3', 3, 3, GETDATE(), DATEADD(day, 5, GETDATE()), 0, '55555555-0000-0000-0000-000000000004', '66666666-0000-0000-0000-000000000004', '77777777-0000-0000-0000-000000000004', '88888888-0000-0000-0000-000000000004', '11111111-0000-0000-0000-000000000004', 8, 4, GETDATE(), GETDATE());
INSERT INTO WorkTasks (Id, Title, Description, Priority, StoryPoints, PlannedStartDate, PlannedEndDate, IsDeleted, ProjectId, SprintId, TaskTypeId, TaskStatusId, ReporterId, TotalEstimatedHours, TotalActualHours, CreatedAt, UpdatedAt) VALUES ('99999999-0000-0000-0000-000000000004', 'Task 4', 'Desc 4', 0, 4, GETDATE(), DATEADD(day, 5, GETDATE()), 0, '55555555-0000-0000-0000-000000000005', '66666666-0000-0000-0000-000000000005', '77777777-0000-0000-0000-000000000005', '88888888-0000-0000-0000-000000000005', '11111111-0000-0000-0000-000000000005', 8, 4, GETDATE(), GETDATE());
INSERT INTO WorkTasks (Id, Title, Description, Priority, StoryPoints, PlannedStartDate, PlannedEndDate, IsDeleted, ProjectId, SprintId, TaskTypeId, TaskStatusId, ReporterId, TotalEstimatedHours, TotalActualHours, CreatedAt, UpdatedAt) VALUES ('99999999-0000-0000-0000-000000000005', 'Task 5', 'Desc 5', 1, 5, GETDATE(), DATEADD(day, 5, GETDATE()), 0, '55555555-0000-0000-0000-000000000006', '66666666-0000-0000-0000-000000000006', '77777777-0000-0000-0000-000000000006', '88888888-0000-0000-0000-000000000006', '11111111-0000-0000-0000-000000000006', 8, 4, GETDATE(), GETDATE());
INSERT INTO WorkTasks (Id, Title, Description, Priority, StoryPoints, PlannedStartDate, PlannedEndDate, IsDeleted, ProjectId, SprintId, TaskTypeId, TaskStatusId, ReporterId, TotalEstimatedHours, TotalActualHours, CreatedAt, UpdatedAt) VALUES ('99999999-0000-0000-0000-000000000006', 'Task 6', 'Desc 6', 2, 6, GETDATE(), DATEADD(day, 5, GETDATE()), 0, '55555555-0000-0000-0000-000000000007', '66666666-0000-0000-0000-000000000007', '77777777-0000-0000-0000-000000000007', '88888888-0000-0000-0000-000000000007', '11111111-0000-0000-0000-000000000007', 8, 4, GETDATE(), GETDATE());
INSERT INTO WorkTasks (Id, Title, Description, Priority, StoryPoints, PlannedStartDate, PlannedEndDate, IsDeleted, ProjectId, SprintId, TaskTypeId, TaskStatusId, ReporterId, TotalEstimatedHours, TotalActualHours, CreatedAt, UpdatedAt) VALUES ('99999999-0000-0000-0000-000000000007', 'Task 7', 'Desc 7', 3, 7, GETDATE(), DATEADD(day, 5, GETDATE()), 0, '55555555-0000-0000-0000-000000000008', '66666666-0000-0000-0000-000000000008', '77777777-0000-0000-0000-000000000008', '88888888-0000-0000-0000-000000000008', '11111111-0000-0000-0000-000000000008', 8, 4, GETDATE(), GETDATE());
INSERT INTO WorkTasks (Id, Title, Description, Priority, StoryPoints, PlannedStartDate, PlannedEndDate, IsDeleted, ProjectId, SprintId, TaskTypeId, TaskStatusId, ReporterId, TotalEstimatedHours, TotalActualHours, CreatedAt, UpdatedAt) VALUES ('99999999-0000-0000-0000-000000000008', 'Task 8', 'Desc 8', 0, 0, GETDATE(), DATEADD(day, 5, GETDATE()), 0, '55555555-0000-0000-0000-000000000009', '66666666-0000-0000-0000-000000000009', '77777777-0000-0000-0000-000000000009', '88888888-0000-0000-0000-000000000009', '11111111-0000-0000-0000-000000000009', 8, 4, GETDATE(), GETDATE());
INSERT INTO WorkTasks (Id, Title, Description, Priority, StoryPoints, PlannedStartDate, PlannedEndDate, IsDeleted, ProjectId, SprintId, TaskTypeId, TaskStatusId, ReporterId, TotalEstimatedHours, TotalActualHours, CreatedAt, UpdatedAt) VALUES ('99999999-0000-0000-0000-000000000009', 'Task 9', 'Desc 9', 1, 1, GETDATE(), DATEADD(day, 5, GETDATE()), 0, '55555555-0000-0000-0000-00000000000a', '66666666-0000-0000-0000-00000000000a', '77777777-0000-0000-0000-00000000000a', '88888888-0000-0000-0000-00000000000a', '11111111-0000-0000-0000-00000000000a', 8, 4, GETDATE(), GETDATE());
INSERT INTO WorkTasks (Id, Title, Description, Priority, StoryPoints, PlannedStartDate, PlannedEndDate, IsDeleted, ProjectId, SprintId, TaskTypeId, TaskStatusId, ReporterId, TotalEstimatedHours, TotalActualHours, CreatedAt, UpdatedAt) VALUES ('99999999-0000-0000-0000-00000000000a', 'Task 10', 'Desc 10', 2, 2, GETDATE(), DATEADD(day, 5, GETDATE()), 0, '55555555-0000-0000-0000-00000000000b', '66666666-0000-0000-0000-00000000000b', '77777777-0000-0000-0000-00000000000b', '88888888-0000-0000-0000-00000000000b', '11111111-0000-0000-0000-00000000000b', 8, 4, GETDATE(), GETDATE());
INSERT INTO WorkTasks (Id, Title, Description, Priority, StoryPoints, PlannedStartDate, PlannedEndDate, IsDeleted, ProjectId, SprintId, TaskTypeId, TaskStatusId, ReporterId, TotalEstimatedHours, TotalActualHours, CreatedAt, UpdatedAt) VALUES ('99999999-0000-0000-0000-00000000000b', 'Task 11', 'Desc 11', 3, 3, GETDATE(), DATEADD(day, 5, GETDATE()), 0, '55555555-0000-0000-0000-00000000000c', '66666666-0000-0000-0000-00000000000c', '77777777-0000-0000-0000-00000000000c', '88888888-0000-0000-0000-00000000000c', '11111111-0000-0000-0000-00000000000c', 8, 4, GETDATE(), GETDATE());
INSERT INTO WorkTasks (Id, Title, Description, Priority, StoryPoints, PlannedStartDate, PlannedEndDate, IsDeleted, ProjectId, SprintId, TaskTypeId, TaskStatusId, ReporterId, TotalEstimatedHours, TotalActualHours, CreatedAt, UpdatedAt) VALUES ('99999999-0000-0000-0000-00000000000c', 'Task 12', 'Desc 12', 0, 4, GETDATE(), DATEADD(day, 5, GETDATE()), 0, '55555555-0000-0000-0000-00000000000d', '66666666-0000-0000-0000-00000000000d', '77777777-0000-0000-0000-00000000000d', '88888888-0000-0000-0000-00000000000d', '11111111-0000-0000-0000-00000000000d', 8, 4, GETDATE(), GETDATE());
INSERT INTO WorkTasks (Id, Title, Description, Priority, StoryPoints, PlannedStartDate, PlannedEndDate, IsDeleted, ProjectId, SprintId, TaskTypeId, TaskStatusId, ReporterId, TotalEstimatedHours, TotalActualHours, CreatedAt, UpdatedAt) VALUES ('99999999-0000-0000-0000-00000000000d', 'Task 13', 'Desc 13', 1, 5, GETDATE(), DATEADD(day, 5, GETDATE()), 0, '55555555-0000-0000-0000-00000000000e', '66666666-0000-0000-0000-00000000000e', '77777777-0000-0000-0000-00000000000e', '88888888-0000-0000-0000-00000000000e', '11111111-0000-0000-0000-00000000000e', 8, 4, GETDATE(), GETDATE());
INSERT INTO WorkTasks (Id, Title, Description, Priority, StoryPoints, PlannedStartDate, PlannedEndDate, IsDeleted, ProjectId, SprintId, TaskTypeId, TaskStatusId, ReporterId, TotalEstimatedHours, TotalActualHours, CreatedAt, UpdatedAt) VALUES ('99999999-0000-0000-0000-00000000000e', 'Task 14', 'Desc 14', 2, 6, GETDATE(), DATEADD(day, 5, GETDATE()), 0, '55555555-0000-0000-0000-00000000000f', '66666666-0000-0000-0000-00000000000f', '77777777-0000-0000-0000-00000000000f', '88888888-0000-0000-0000-00000000000f', '11111111-0000-0000-0000-00000000000f', 8, 4, GETDATE(), GETDATE());
INSERT INTO WorkTasks (Id, Title, Description, Priority, StoryPoints, PlannedStartDate, PlannedEndDate, IsDeleted, ProjectId, SprintId, TaskTypeId, TaskStatusId, ReporterId, TotalEstimatedHours, TotalActualHours, CreatedAt, UpdatedAt) VALUES ('99999999-0000-0000-0000-00000000000f', 'Task 15', 'Desc 15', 3, 7, GETDATE(), DATEADD(day, 5, GETDATE()), 0, '55555555-0000-0000-0000-000000000010', '66666666-0000-0000-0000-000000000010', '77777777-0000-0000-0000-000000000010', '88888888-0000-0000-0000-000000000010', '11111111-0000-0000-0000-000000000010', 8, 4, GETDATE(), GETDATE());
INSERT INTO WorkTasks (Id, Title, Description, Priority, StoryPoints, PlannedStartDate, PlannedEndDate, IsDeleted, ProjectId, SprintId, TaskTypeId, TaskStatusId, ReporterId, TotalEstimatedHours, TotalActualHours, CreatedAt, UpdatedAt) VALUES ('99999999-0000-0000-0000-000000000010', 'Task 16', 'Desc 16', 0, 0, GETDATE(), DATEADD(day, 5, GETDATE()), 0, '55555555-0000-0000-0000-000000000011', '66666666-0000-0000-0000-000000000011', '77777777-0000-0000-0000-000000000011', '88888888-0000-0000-0000-000000000011', '11111111-0000-0000-0000-000000000011', 8, 4, GETDATE(), GETDATE());
INSERT INTO WorkTasks (Id, Title, Description, Priority, StoryPoints, PlannedStartDate, PlannedEndDate, IsDeleted, ProjectId, SprintId, TaskTypeId, TaskStatusId, ReporterId, TotalEstimatedHours, TotalActualHours, CreatedAt, UpdatedAt) VALUES ('99999999-0000-0000-0000-000000000011', 'Task 17', 'Desc 17', 1, 1, GETDATE(), DATEADD(day, 5, GETDATE()), 0, '55555555-0000-0000-0000-000000000012', '66666666-0000-0000-0000-000000000012', '77777777-0000-0000-0000-000000000012', '88888888-0000-0000-0000-000000000012', '11111111-0000-0000-0000-000000000012', 8, 4, GETDATE(), GETDATE());
INSERT INTO WorkTasks (Id, Title, Description, Priority, StoryPoints, PlannedStartDate, PlannedEndDate, IsDeleted, ProjectId, SprintId, TaskTypeId, TaskStatusId, ReporterId, TotalEstimatedHours, TotalActualHours, CreatedAt, UpdatedAt) VALUES ('99999999-0000-0000-0000-000000000012', 'Task 18', 'Desc 18', 2, 2, GETDATE(), DATEADD(day, 5, GETDATE()), 0, '55555555-0000-0000-0000-000000000013', '66666666-0000-0000-0000-000000000013', '77777777-0000-0000-0000-000000000013', '88888888-0000-0000-0000-000000000013', '11111111-0000-0000-0000-000000000013', 8, 4, GETDATE(), GETDATE());
INSERT INTO WorkTasks (Id, Title, Description, Priority, StoryPoints, PlannedStartDate, PlannedEndDate, IsDeleted, ProjectId, SprintId, TaskTypeId, TaskStatusId, ReporterId, TotalEstimatedHours, TotalActualHours, CreatedAt, UpdatedAt) VALUES ('99999999-0000-0000-0000-000000000013', 'Task 19', 'Desc 19', 3, 3, GETDATE(), DATEADD(day, 5, GETDATE()), 0, '55555555-0000-0000-0000-000000000014', '66666666-0000-0000-0000-000000000014', '77777777-0000-0000-0000-000000000014', '88888888-0000-0000-0000-000000000014', '11111111-0000-0000-0000-000000000014', 8, 4, GETDATE(), GETDATE());
INSERT INTO WorkTasks (Id, Title, Description, Priority, StoryPoints, PlannedStartDate, PlannedEndDate, IsDeleted, ProjectId, SprintId, TaskTypeId, TaskStatusId, ReporterId, TotalEstimatedHours, TotalActualHours, CreatedAt, UpdatedAt) VALUES ('99999999-0000-0000-0000-000000000014', 'Task 20', 'Desc 20', 0, 4, GETDATE(), DATEADD(day, 5, GETDATE()), 0, '55555555-0000-0000-0000-000000000001', '66666666-0000-0000-0000-000000000001', '77777777-0000-0000-0000-000000000001', '88888888-0000-0000-0000-000000000001', '11111111-0000-0000-0000-000000000001', 8, 4, GETDATE(), GETDATE());

-- TaskAssignments
INSERT INTO TaskAssignments (WorkTaskId, UserId, Status, Priority, EstimatedHours, TotalActualHours, ActualStartDate, ActualEndDate) VALUES ('99999999-0000-0000-0000-000000000001', '11111111-0000-0000-0000-000000000001', 0, 1, 4.0, 0, GETDATE(), DATEADD(day, 2, GETDATE()));
INSERT INTO TaskAssignments (WorkTaskId, UserId, Status, Priority, EstimatedHours, TotalActualHours, ActualStartDate, ActualEndDate) VALUES ('99999999-0000-0000-0000-000000000002', '11111111-0000-0000-0000-000000000002', 0, 2, 4.0, 0, GETDATE(), DATEADD(day, 2, GETDATE()));
INSERT INTO TaskAssignments (WorkTaskId, UserId, Status, Priority, EstimatedHours, TotalActualHours, ActualStartDate, ActualEndDate) VALUES ('99999999-0000-0000-0000-000000000003', '11111111-0000-0000-0000-000000000003', 0, 3, 4.0, 0, GETDATE(), DATEADD(day, 2, GETDATE()));
INSERT INTO TaskAssignments (WorkTaskId, UserId, Status, Priority, EstimatedHours, TotalActualHours, ActualStartDate, ActualEndDate) VALUES ('99999999-0000-0000-0000-000000000004', '11111111-0000-0000-0000-000000000004', 0, 0, 4.0, 0, GETDATE(), DATEADD(day, 2, GETDATE()));
INSERT INTO TaskAssignments (WorkTaskId, UserId, Status, Priority, EstimatedHours, TotalActualHours, ActualStartDate, ActualEndDate) VALUES ('99999999-0000-0000-0000-000000000005', '11111111-0000-0000-0000-000000000005', 0, 1, 4.0, 0, GETDATE(), DATEADD(day, 2, GETDATE()));
INSERT INTO TaskAssignments (WorkTaskId, UserId, Status, Priority, EstimatedHours, TotalActualHours, ActualStartDate, ActualEndDate) VALUES ('99999999-0000-0000-0000-000000000006', '11111111-0000-0000-0000-000000000006', 0, 2, 4.0, 0, GETDATE(), DATEADD(day, 2, GETDATE()));
INSERT INTO TaskAssignments (WorkTaskId, UserId, Status, Priority, EstimatedHours, TotalActualHours, ActualStartDate, ActualEndDate) VALUES ('99999999-0000-0000-0000-000000000007', '11111111-0000-0000-0000-000000000007', 0, 3, 4.0, 0, GETDATE(), DATEADD(day, 2, GETDATE()));
INSERT INTO TaskAssignments (WorkTaskId, UserId, Status, Priority, EstimatedHours, TotalActualHours, ActualStartDate, ActualEndDate) VALUES ('99999999-0000-0000-0000-000000000008', '11111111-0000-0000-0000-000000000008', 0, 0, 4.0, 0, GETDATE(), DATEADD(day, 2, GETDATE()));
INSERT INTO TaskAssignments (WorkTaskId, UserId, Status, Priority, EstimatedHours, TotalActualHours, ActualStartDate, ActualEndDate) VALUES ('99999999-0000-0000-0000-000000000009', '11111111-0000-0000-0000-000000000009', 0, 1, 4.0, 0, GETDATE(), DATEADD(day, 2, GETDATE()));
INSERT INTO TaskAssignments (WorkTaskId, UserId, Status, Priority, EstimatedHours, TotalActualHours, ActualStartDate, ActualEndDate) VALUES ('99999999-0000-0000-0000-00000000000a', '11111111-0000-0000-0000-00000000000a', 0, 2, 4.0, 0, GETDATE(), DATEADD(day, 2, GETDATE()));
INSERT INTO TaskAssignments (WorkTaskId, UserId, Status, Priority, EstimatedHours, TotalActualHours, ActualStartDate, ActualEndDate) VALUES ('99999999-0000-0000-0000-00000000000b', '11111111-0000-0000-0000-00000000000b', 0, 3, 4.0, 0, GETDATE(), DATEADD(day, 2, GETDATE()));
INSERT INTO TaskAssignments (WorkTaskId, UserId, Status, Priority, EstimatedHours, TotalActualHours, ActualStartDate, ActualEndDate) VALUES ('99999999-0000-0000-0000-00000000000c', '11111111-0000-0000-0000-00000000000c', 0, 0, 4.0, 0, GETDATE(), DATEADD(day, 2, GETDATE()));
INSERT INTO TaskAssignments (WorkTaskId, UserId, Status, Priority, EstimatedHours, TotalActualHours, ActualStartDate, ActualEndDate) VALUES ('99999999-0000-0000-0000-00000000000d', '11111111-0000-0000-0000-00000000000d', 0, 1, 4.0, 0, GETDATE(), DATEADD(day, 2, GETDATE()));
INSERT INTO TaskAssignments (WorkTaskId, UserId, Status, Priority, EstimatedHours, TotalActualHours, ActualStartDate, ActualEndDate) VALUES ('99999999-0000-0000-0000-00000000000e', '11111111-0000-0000-0000-00000000000e', 0, 2, 4.0, 0, GETDATE(), DATEADD(day, 2, GETDATE()));
INSERT INTO TaskAssignments (WorkTaskId, UserId, Status, Priority, EstimatedHours, TotalActualHours, ActualStartDate, ActualEndDate) VALUES ('99999999-0000-0000-0000-00000000000f', '11111111-0000-0000-0000-00000000000f', 0, 3, 4.0, 0, GETDATE(), DATEADD(day, 2, GETDATE()));
INSERT INTO TaskAssignments (WorkTaskId, UserId, Status, Priority, EstimatedHours, TotalActualHours, ActualStartDate, ActualEndDate) VALUES ('99999999-0000-0000-0000-000000000010', '11111111-0000-0000-0000-000000000010', 0, 0, 4.0, 0, GETDATE(), DATEADD(day, 2, GETDATE()));
INSERT INTO TaskAssignments (WorkTaskId, UserId, Status, Priority, EstimatedHours, TotalActualHours, ActualStartDate, ActualEndDate) VALUES ('99999999-0000-0000-0000-000000000011', '11111111-0000-0000-0000-000000000011', 0, 1, 4.0, 0, GETDATE(), DATEADD(day, 2, GETDATE()));
INSERT INTO TaskAssignments (WorkTaskId, UserId, Status, Priority, EstimatedHours, TotalActualHours, ActualStartDate, ActualEndDate) VALUES ('99999999-0000-0000-0000-000000000012', '11111111-0000-0000-0000-000000000012', 0, 2, 4.0, 0, GETDATE(), DATEADD(day, 2, GETDATE()));
INSERT INTO TaskAssignments (WorkTaskId, UserId, Status, Priority, EstimatedHours, TotalActualHours, ActualStartDate, ActualEndDate) VALUES ('99999999-0000-0000-0000-000000000013', '11111111-0000-0000-0000-000000000013', 0, 3, 4.0, 0, GETDATE(), DATEADD(day, 2, GETDATE()));
INSERT INTO TaskAssignments (WorkTaskId, UserId, Status, Priority, EstimatedHours, TotalActualHours, ActualStartDate, ActualEndDate) VALUES ('99999999-0000-0000-0000-000000000014', '11111111-0000-0000-0000-000000000014', 0, 0, 4.0, 0, GETDATE(), DATEADD(day, 2, GETDATE()));

-- TaskDependencies
INSERT INTO TaskDependencies (PredecessorTaskId, SuccessorTaskId, DependencyType) VALUES ('99999999-0000-0000-0000-000000000002', '99999999-0000-0000-0000-000000000001', 0);
INSERT INTO TaskDependencies (PredecessorTaskId, SuccessorTaskId, DependencyType) VALUES ('99999999-0000-0000-0000-000000000003', '99999999-0000-0000-0000-000000000002', 0);
INSERT INTO TaskDependencies (PredecessorTaskId, SuccessorTaskId, DependencyType) VALUES ('99999999-0000-0000-0000-000000000004', '99999999-0000-0000-0000-000000000003', 0);
INSERT INTO TaskDependencies (PredecessorTaskId, SuccessorTaskId, DependencyType) VALUES ('99999999-0000-0000-0000-000000000005', '99999999-0000-0000-0000-000000000004', 0);
INSERT INTO TaskDependencies (PredecessorTaskId, SuccessorTaskId, DependencyType) VALUES ('99999999-0000-0000-0000-000000000006', '99999999-0000-0000-0000-000000000005', 0);
INSERT INTO TaskDependencies (PredecessorTaskId, SuccessorTaskId, DependencyType) VALUES ('99999999-0000-0000-0000-000000000007', '99999999-0000-0000-0000-000000000006', 0);
INSERT INTO TaskDependencies (PredecessorTaskId, SuccessorTaskId, DependencyType) VALUES ('99999999-0000-0000-0000-000000000008', '99999999-0000-0000-0000-000000000007', 0);
INSERT INTO TaskDependencies (PredecessorTaskId, SuccessorTaskId, DependencyType) VALUES ('99999999-0000-0000-0000-000000000009', '99999999-0000-0000-0000-000000000008', 0);
INSERT INTO TaskDependencies (PredecessorTaskId, SuccessorTaskId, DependencyType) VALUES ('99999999-0000-0000-0000-00000000000a', '99999999-0000-0000-0000-000000000009', 0);
INSERT INTO TaskDependencies (PredecessorTaskId, SuccessorTaskId, DependencyType) VALUES ('99999999-0000-0000-0000-00000000000b', '99999999-0000-0000-0000-00000000000a', 0);
INSERT INTO TaskDependencies (PredecessorTaskId, SuccessorTaskId, DependencyType) VALUES ('99999999-0000-0000-0000-00000000000c', '99999999-0000-0000-0000-00000000000b', 0);
INSERT INTO TaskDependencies (PredecessorTaskId, SuccessorTaskId, DependencyType) VALUES ('99999999-0000-0000-0000-00000000000d', '99999999-0000-0000-0000-00000000000c', 0);
INSERT INTO TaskDependencies (PredecessorTaskId, SuccessorTaskId, DependencyType) VALUES ('99999999-0000-0000-0000-00000000000e', '99999999-0000-0000-0000-00000000000d', 0);
INSERT INTO TaskDependencies (PredecessorTaskId, SuccessorTaskId, DependencyType) VALUES ('99999999-0000-0000-0000-00000000000f', '99999999-0000-0000-0000-00000000000e', 0);
INSERT INTO TaskDependencies (PredecessorTaskId, SuccessorTaskId, DependencyType) VALUES ('99999999-0000-0000-0000-000000000010', '99999999-0000-0000-0000-00000000000f', 0);
INSERT INTO TaskDependencies (PredecessorTaskId, SuccessorTaskId, DependencyType) VALUES ('99999999-0000-0000-0000-000000000011', '99999999-0000-0000-0000-000000000010', 0);
INSERT INTO TaskDependencies (PredecessorTaskId, SuccessorTaskId, DependencyType) VALUES ('99999999-0000-0000-0000-000000000012', '99999999-0000-0000-0000-000000000011', 0);
INSERT INTO TaskDependencies (PredecessorTaskId, SuccessorTaskId, DependencyType) VALUES ('99999999-0000-0000-0000-000000000013', '99999999-0000-0000-0000-000000000012', 0);
INSERT INTO TaskDependencies (PredecessorTaskId, SuccessorTaskId, DependencyType) VALUES ('99999999-0000-0000-0000-000000000014', '99999999-0000-0000-0000-000000000013', 0);
INSERT INTO TaskDependencies (PredecessorTaskId, SuccessorTaskId, DependencyType) VALUES ('99999999-0000-0000-0000-000000000001', '99999999-0000-0000-0000-000000000014', 0);

-- Comments
INSERT INTO Comments (Id, Content, WorkTaskId, UserId, IsDeleted, CreatedAt, UpdatedAt) VALUES ('aaaaaaaa-0000-0000-0000-000000000001', 'Comment 1', '99999999-0000-0000-0000-000000000001', '11111111-0000-0000-0000-000000000001', 0, GETDATE(), GETDATE());
INSERT INTO Comments (Id, Content, WorkTaskId, UserId, IsDeleted, CreatedAt, UpdatedAt) VALUES ('aaaaaaaa-0000-0000-0000-000000000002', 'Comment 2', '99999999-0000-0000-0000-000000000002', '11111111-0000-0000-0000-000000000002', 0, GETDATE(), GETDATE());
INSERT INTO Comments (Id, Content, WorkTaskId, UserId, IsDeleted, CreatedAt, UpdatedAt) VALUES ('aaaaaaaa-0000-0000-0000-000000000003', 'Comment 3', '99999999-0000-0000-0000-000000000003', '11111111-0000-0000-0000-000000000003', 0, GETDATE(), GETDATE());
INSERT INTO Comments (Id, Content, WorkTaskId, UserId, IsDeleted, CreatedAt, UpdatedAt) VALUES ('aaaaaaaa-0000-0000-0000-000000000004', 'Comment 4', '99999999-0000-0000-0000-000000000004', '11111111-0000-0000-0000-000000000004', 0, GETDATE(), GETDATE());
INSERT INTO Comments (Id, Content, WorkTaskId, UserId, IsDeleted, CreatedAt, UpdatedAt) VALUES ('aaaaaaaa-0000-0000-0000-000000000005', 'Comment 5', '99999999-0000-0000-0000-000000000005', '11111111-0000-0000-0000-000000000005', 0, GETDATE(), GETDATE());
INSERT INTO Comments (Id, Content, WorkTaskId, UserId, IsDeleted, CreatedAt, UpdatedAt) VALUES ('aaaaaaaa-0000-0000-0000-000000000006', 'Comment 6', '99999999-0000-0000-0000-000000000006', '11111111-0000-0000-0000-000000000006', 0, GETDATE(), GETDATE());
INSERT INTO Comments (Id, Content, WorkTaskId, UserId, IsDeleted, CreatedAt, UpdatedAt) VALUES ('aaaaaaaa-0000-0000-0000-000000000007', 'Comment 7', '99999999-0000-0000-0000-000000000007', '11111111-0000-0000-0000-000000000007', 0, GETDATE(), GETDATE());
INSERT INTO Comments (Id, Content, WorkTaskId, UserId, IsDeleted, CreatedAt, UpdatedAt) VALUES ('aaaaaaaa-0000-0000-0000-000000000008', 'Comment 8', '99999999-0000-0000-0000-000000000008', '11111111-0000-0000-0000-000000000008', 0, GETDATE(), GETDATE());
INSERT INTO Comments (Id, Content, WorkTaskId, UserId, IsDeleted, CreatedAt, UpdatedAt) VALUES ('aaaaaaaa-0000-0000-0000-000000000009', 'Comment 9', '99999999-0000-0000-0000-000000000009', '11111111-0000-0000-0000-000000000009', 0, GETDATE(), GETDATE());
INSERT INTO Comments (Id, Content, WorkTaskId, UserId, IsDeleted, CreatedAt, UpdatedAt) VALUES ('aaaaaaaa-0000-0000-0000-00000000000a', 'Comment 10', '99999999-0000-0000-0000-00000000000a', '11111111-0000-0000-0000-00000000000a', 0, GETDATE(), GETDATE());
INSERT INTO Comments (Id, Content, WorkTaskId, UserId, IsDeleted, CreatedAt, UpdatedAt) VALUES ('aaaaaaaa-0000-0000-0000-00000000000b', 'Comment 11', '99999999-0000-0000-0000-00000000000b', '11111111-0000-0000-0000-00000000000b', 0, GETDATE(), GETDATE());
INSERT INTO Comments (Id, Content, WorkTaskId, UserId, IsDeleted, CreatedAt, UpdatedAt) VALUES ('aaaaaaaa-0000-0000-0000-00000000000c', 'Comment 12', '99999999-0000-0000-0000-00000000000c', '11111111-0000-0000-0000-00000000000c', 0, GETDATE(), GETDATE());
INSERT INTO Comments (Id, Content, WorkTaskId, UserId, IsDeleted, CreatedAt, UpdatedAt) VALUES ('aaaaaaaa-0000-0000-0000-00000000000d', 'Comment 13', '99999999-0000-0000-0000-00000000000d', '11111111-0000-0000-0000-00000000000d', 0, GETDATE(), GETDATE());
INSERT INTO Comments (Id, Content, WorkTaskId, UserId, IsDeleted, CreatedAt, UpdatedAt) VALUES ('aaaaaaaa-0000-0000-0000-00000000000e', 'Comment 14', '99999999-0000-0000-0000-00000000000e', '11111111-0000-0000-0000-00000000000e', 0, GETDATE(), GETDATE());
INSERT INTO Comments (Id, Content, WorkTaskId, UserId, IsDeleted, CreatedAt, UpdatedAt) VALUES ('aaaaaaaa-0000-0000-0000-00000000000f', 'Comment 15', '99999999-0000-0000-0000-00000000000f', '11111111-0000-0000-0000-00000000000f', 0, GETDATE(), GETDATE());
INSERT INTO Comments (Id, Content, WorkTaskId, UserId, IsDeleted, CreatedAt, UpdatedAt) VALUES ('aaaaaaaa-0000-0000-0000-000000000010', 'Comment 16', '99999999-0000-0000-0000-000000000010', '11111111-0000-0000-0000-000000000010', 0, GETDATE(), GETDATE());
INSERT INTO Comments (Id, Content, WorkTaskId, UserId, IsDeleted, CreatedAt, UpdatedAt) VALUES ('aaaaaaaa-0000-0000-0000-000000000011', 'Comment 17', '99999999-0000-0000-0000-000000000011', '11111111-0000-0000-0000-000000000011', 0, GETDATE(), GETDATE());
INSERT INTO Comments (Id, Content, WorkTaskId, UserId, IsDeleted, CreatedAt, UpdatedAt) VALUES ('aaaaaaaa-0000-0000-0000-000000000012', 'Comment 18', '99999999-0000-0000-0000-000000000012', '11111111-0000-0000-0000-000000000012', 0, GETDATE(), GETDATE());
INSERT INTO Comments (Id, Content, WorkTaskId, UserId, IsDeleted, CreatedAt, UpdatedAt) VALUES ('aaaaaaaa-0000-0000-0000-000000000013', 'Comment 19', '99999999-0000-0000-0000-000000000013', '11111111-0000-0000-0000-000000000013', 0, GETDATE(), GETDATE());
INSERT INTO Comments (Id, Content, WorkTaskId, UserId, IsDeleted, CreatedAt, UpdatedAt) VALUES ('aaaaaaaa-0000-0000-0000-000000000014', 'Comment 20', '99999999-0000-0000-0000-000000000014', '11111111-0000-0000-0000-000000000014', 0, GETDATE(), GETDATE());

-- Attachments
INSERT INTO Attachments (Id, FileName, FileUrl, FileSize, WorkTaskId, UserId, CreatedAt) VALUES ('bbbbbbbb-0000-0000-0000-000000000001', 'file1.pdf', '/files/file1.pdf', 1024, '99999999-0000-0000-0000-000000000001', '11111111-0000-0000-0000-000000000001', GETDATE());
INSERT INTO Attachments (Id, FileName, FileUrl, FileSize, WorkTaskId, UserId, CreatedAt) VALUES ('bbbbbbbb-0000-0000-0000-000000000002', 'file2.pdf', '/files/file2.pdf', 1024, '99999999-0000-0000-0000-000000000002', '11111111-0000-0000-0000-000000000002', GETDATE());
INSERT INTO Attachments (Id, FileName, FileUrl, FileSize, WorkTaskId, UserId, CreatedAt) VALUES ('bbbbbbbb-0000-0000-0000-000000000003', 'file3.pdf', '/files/file3.pdf', 1024, '99999999-0000-0000-0000-000000000003', '11111111-0000-0000-0000-000000000003', GETDATE());
INSERT INTO Attachments (Id, FileName, FileUrl, FileSize, WorkTaskId, UserId, CreatedAt) VALUES ('bbbbbbbb-0000-0000-0000-000000000004', 'file4.pdf', '/files/file4.pdf', 1024, '99999999-0000-0000-0000-000000000004', '11111111-0000-0000-0000-000000000004', GETDATE());
INSERT INTO Attachments (Id, FileName, FileUrl, FileSize, WorkTaskId, UserId, CreatedAt) VALUES ('bbbbbbbb-0000-0000-0000-000000000005', 'file5.pdf', '/files/file5.pdf', 1024, '99999999-0000-0000-0000-000000000005', '11111111-0000-0000-0000-000000000005', GETDATE());
INSERT INTO Attachments (Id, FileName, FileUrl, FileSize, WorkTaskId, UserId, CreatedAt) VALUES ('bbbbbbbb-0000-0000-0000-000000000006', 'file6.pdf', '/files/file6.pdf', 1024, '99999999-0000-0000-0000-000000000006', '11111111-0000-0000-0000-000000000006', GETDATE());
INSERT INTO Attachments (Id, FileName, FileUrl, FileSize, WorkTaskId, UserId, CreatedAt) VALUES ('bbbbbbbb-0000-0000-0000-000000000007', 'file7.pdf', '/files/file7.pdf', 1024, '99999999-0000-0000-0000-000000000007', '11111111-0000-0000-0000-000000000007', GETDATE());
INSERT INTO Attachments (Id, FileName, FileUrl, FileSize, WorkTaskId, UserId, CreatedAt) VALUES ('bbbbbbbb-0000-0000-0000-000000000008', 'file8.pdf', '/files/file8.pdf', 1024, '99999999-0000-0000-0000-000000000008', '11111111-0000-0000-0000-000000000008', GETDATE());
INSERT INTO Attachments (Id, FileName, FileUrl, FileSize, WorkTaskId, UserId, CreatedAt) VALUES ('bbbbbbbb-0000-0000-0000-000000000009', 'file9.pdf', '/files/file9.pdf', 1024, '99999999-0000-0000-0000-000000000009', '11111111-0000-0000-0000-000000000009', GETDATE());
INSERT INTO Attachments (Id, FileName, FileUrl, FileSize, WorkTaskId, UserId, CreatedAt) VALUES ('bbbbbbbb-0000-0000-0000-00000000000a', 'file10.pdf', '/files/file10.pdf', 1024, '99999999-0000-0000-0000-00000000000a', '11111111-0000-0000-0000-00000000000a', GETDATE());
INSERT INTO Attachments (Id, FileName, FileUrl, FileSize, WorkTaskId, UserId, CreatedAt) VALUES ('bbbbbbbb-0000-0000-0000-00000000000b', 'file11.pdf', '/files/file11.pdf', 1024, '99999999-0000-0000-0000-00000000000b', '11111111-0000-0000-0000-00000000000b', GETDATE());
INSERT INTO Attachments (Id, FileName, FileUrl, FileSize, WorkTaskId, UserId, CreatedAt) VALUES ('bbbbbbbb-0000-0000-0000-00000000000c', 'file12.pdf', '/files/file12.pdf', 1024, '99999999-0000-0000-0000-00000000000c', '11111111-0000-0000-0000-00000000000c', GETDATE());
INSERT INTO Attachments (Id, FileName, FileUrl, FileSize, WorkTaskId, UserId, CreatedAt) VALUES ('bbbbbbbb-0000-0000-0000-00000000000d', 'file13.pdf', '/files/file13.pdf', 1024, '99999999-0000-0000-0000-00000000000d', '11111111-0000-0000-0000-00000000000d', GETDATE());
INSERT INTO Attachments (Id, FileName, FileUrl, FileSize, WorkTaskId, UserId, CreatedAt) VALUES ('bbbbbbbb-0000-0000-0000-00000000000e', 'file14.pdf', '/files/file14.pdf', 1024, '99999999-0000-0000-0000-00000000000e', '11111111-0000-0000-0000-00000000000e', GETDATE());
INSERT INTO Attachments (Id, FileName, FileUrl, FileSize, WorkTaskId, UserId, CreatedAt) VALUES ('bbbbbbbb-0000-0000-0000-00000000000f', 'file15.pdf', '/files/file15.pdf', 1024, '99999999-0000-0000-0000-00000000000f', '11111111-0000-0000-0000-00000000000f', GETDATE());
INSERT INTO Attachments (Id, FileName, FileUrl, FileSize, WorkTaskId, UserId, CreatedAt) VALUES ('bbbbbbbb-0000-0000-0000-000000000010', 'file16.pdf', '/files/file16.pdf', 1024, '99999999-0000-0000-0000-000000000010', '11111111-0000-0000-0000-000000000010', GETDATE());
INSERT INTO Attachments (Id, FileName, FileUrl, FileSize, WorkTaskId, UserId, CreatedAt) VALUES ('bbbbbbbb-0000-0000-0000-000000000011', 'file17.pdf', '/files/file17.pdf', 1024, '99999999-0000-0000-0000-000000000011', '11111111-0000-0000-0000-000000000011', GETDATE());
INSERT INTO Attachments (Id, FileName, FileUrl, FileSize, WorkTaskId, UserId, CreatedAt) VALUES ('bbbbbbbb-0000-0000-0000-000000000012', 'file18.pdf', '/files/file18.pdf', 1024, '99999999-0000-0000-0000-000000000012', '11111111-0000-0000-0000-000000000012', GETDATE());
INSERT INTO Attachments (Id, FileName, FileUrl, FileSize, WorkTaskId, UserId, CreatedAt) VALUES ('bbbbbbbb-0000-0000-0000-000000000013', 'file19.pdf', '/files/file19.pdf', 1024, '99999999-0000-0000-0000-000000000013', '11111111-0000-0000-0000-000000000013', GETDATE());
INSERT INTO Attachments (Id, FileName, FileUrl, FileSize, WorkTaskId, UserId, CreatedAt) VALUES ('bbbbbbbb-0000-0000-0000-000000000014', 'file20.pdf', '/files/file20.pdf', 1024, '99999999-0000-0000-0000-000000000014', '11111111-0000-0000-0000-000000000014', GETDATE());

-- AuditLogs
INSERT INTO AuditLogs (Id, WorkTaskId, UserId, FieldChanged, OldValue, NewValue, CreatedAt) VALUES ('cccccccc-0000-0000-0000-000000000001', '99999999-0000-0000-0000-000000000001', '11111111-0000-0000-0000-000000000001', 'Status', 'To Do', 'In Progress', GETDATE());
INSERT INTO AuditLogs (Id, WorkTaskId, UserId, FieldChanged, OldValue, NewValue, CreatedAt) VALUES ('cccccccc-0000-0000-0000-000000000002', '99999999-0000-0000-0000-000000000002', '11111111-0000-0000-0000-000000000002', 'Status', 'To Do', 'In Progress', GETDATE());
INSERT INTO AuditLogs (Id, WorkTaskId, UserId, FieldChanged, OldValue, NewValue, CreatedAt) VALUES ('cccccccc-0000-0000-0000-000000000003', '99999999-0000-0000-0000-000000000003', '11111111-0000-0000-0000-000000000003', 'Status', 'To Do', 'In Progress', GETDATE());
INSERT INTO AuditLogs (Id, WorkTaskId, UserId, FieldChanged, OldValue, NewValue, CreatedAt) VALUES ('cccccccc-0000-0000-0000-000000000004', '99999999-0000-0000-0000-000000000004', '11111111-0000-0000-0000-000000000004', 'Status', 'To Do', 'In Progress', GETDATE());
INSERT INTO AuditLogs (Id, WorkTaskId, UserId, FieldChanged, OldValue, NewValue, CreatedAt) VALUES ('cccccccc-0000-0000-0000-000000000005', '99999999-0000-0000-0000-000000000005', '11111111-0000-0000-0000-000000000005', 'Status', 'To Do', 'In Progress', GETDATE());
INSERT INTO AuditLogs (Id, WorkTaskId, UserId, FieldChanged, OldValue, NewValue, CreatedAt) VALUES ('cccccccc-0000-0000-0000-000000000006', '99999999-0000-0000-0000-000000000006', '11111111-0000-0000-0000-000000000006', 'Status', 'To Do', 'In Progress', GETDATE());
INSERT INTO AuditLogs (Id, WorkTaskId, UserId, FieldChanged, OldValue, NewValue, CreatedAt) VALUES ('cccccccc-0000-0000-0000-000000000007', '99999999-0000-0000-0000-000000000007', '11111111-0000-0000-0000-000000000007', 'Status', 'To Do', 'In Progress', GETDATE());
INSERT INTO AuditLogs (Id, WorkTaskId, UserId, FieldChanged, OldValue, NewValue, CreatedAt) VALUES ('cccccccc-0000-0000-0000-000000000008', '99999999-0000-0000-0000-000000000008', '11111111-0000-0000-0000-000000000008', 'Status', 'To Do', 'In Progress', GETDATE());
INSERT INTO AuditLogs (Id, WorkTaskId, UserId, FieldChanged, OldValue, NewValue, CreatedAt) VALUES ('cccccccc-0000-0000-0000-000000000009', '99999999-0000-0000-0000-000000000009', '11111111-0000-0000-0000-000000000009', 'Status', 'To Do', 'In Progress', GETDATE());
INSERT INTO AuditLogs (Id, WorkTaskId, UserId, FieldChanged, OldValue, NewValue, CreatedAt) VALUES ('cccccccc-0000-0000-0000-00000000000a', '99999999-0000-0000-0000-00000000000a', '11111111-0000-0000-0000-00000000000a', 'Status', 'To Do', 'In Progress', GETDATE());
INSERT INTO AuditLogs (Id, WorkTaskId, UserId, FieldChanged, OldValue, NewValue, CreatedAt) VALUES ('cccccccc-0000-0000-0000-00000000000b', '99999999-0000-0000-0000-00000000000b', '11111111-0000-0000-0000-00000000000b', 'Status', 'To Do', 'In Progress', GETDATE());
INSERT INTO AuditLogs (Id, WorkTaskId, UserId, FieldChanged, OldValue, NewValue, CreatedAt) VALUES ('cccccccc-0000-0000-0000-00000000000c', '99999999-0000-0000-0000-00000000000c', '11111111-0000-0000-0000-00000000000c', 'Status', 'To Do', 'In Progress', GETDATE());
INSERT INTO AuditLogs (Id, WorkTaskId, UserId, FieldChanged, OldValue, NewValue, CreatedAt) VALUES ('cccccccc-0000-0000-0000-00000000000d', '99999999-0000-0000-0000-00000000000d', '11111111-0000-0000-0000-00000000000d', 'Status', 'To Do', 'In Progress', GETDATE());
INSERT INTO AuditLogs (Id, WorkTaskId, UserId, FieldChanged, OldValue, NewValue, CreatedAt) VALUES ('cccccccc-0000-0000-0000-00000000000e', '99999999-0000-0000-0000-00000000000e', '11111111-0000-0000-0000-00000000000e', 'Status', 'To Do', 'In Progress', GETDATE());
INSERT INTO AuditLogs (Id, WorkTaskId, UserId, FieldChanged, OldValue, NewValue, CreatedAt) VALUES ('cccccccc-0000-0000-0000-00000000000f', '99999999-0000-0000-0000-00000000000f', '11111111-0000-0000-0000-00000000000f', 'Status', 'To Do', 'In Progress', GETDATE());
INSERT INTO AuditLogs (Id, WorkTaskId, UserId, FieldChanged, OldValue, NewValue, CreatedAt) VALUES ('cccccccc-0000-0000-0000-000000000010', '99999999-0000-0000-0000-000000000010', '11111111-0000-0000-0000-000000000010', 'Status', 'To Do', 'In Progress', GETDATE());
INSERT INTO AuditLogs (Id, WorkTaskId, UserId, FieldChanged, OldValue, NewValue, CreatedAt) VALUES ('cccccccc-0000-0000-0000-000000000011', '99999999-0000-0000-0000-000000000011', '11111111-0000-0000-0000-000000000011', 'Status', 'To Do', 'In Progress', GETDATE());
INSERT INTO AuditLogs (Id, WorkTaskId, UserId, FieldChanged, OldValue, NewValue, CreatedAt) VALUES ('cccccccc-0000-0000-0000-000000000012', '99999999-0000-0000-0000-000000000012', '11111111-0000-0000-0000-000000000012', 'Status', 'To Do', 'In Progress', GETDATE());
INSERT INTO AuditLogs (Id, WorkTaskId, UserId, FieldChanged, OldValue, NewValue, CreatedAt) VALUES ('cccccccc-0000-0000-0000-000000000013', '99999999-0000-0000-0000-000000000013', '11111111-0000-0000-0000-000000000013', 'Status', 'To Do', 'In Progress', GETDATE());
INSERT INTO AuditLogs (Id, WorkTaskId, UserId, FieldChanged, OldValue, NewValue, CreatedAt) VALUES ('cccccccc-0000-0000-0000-000000000014', '99999999-0000-0000-0000-000000000014', '11111111-0000-0000-0000-000000000014', 'Status', 'To Do', 'In Progress', GETDATE());

-- Notifications
INSERT INTO Notifications (Id, Title, Content, LinkUrl, IsRead, UserId, CreatedAt) VALUES ('dddddddd-0000-0000-0000-000000000001', 'Notif 1', 'Content 1', '/tasks/dddddddd-0000-0000-0000-000000000001', 0, '11111111-0000-0000-0000-000000000001', GETDATE());
INSERT INTO Notifications (Id, Title, Content, LinkUrl, IsRead, UserId, CreatedAt) VALUES ('dddddddd-0000-0000-0000-000000000002', 'Notif 2', 'Content 2', '/tasks/dddddddd-0000-0000-0000-000000000002', 0, '11111111-0000-0000-0000-000000000002', GETDATE());
INSERT INTO Notifications (Id, Title, Content, LinkUrl, IsRead, UserId, CreatedAt) VALUES ('dddddddd-0000-0000-0000-000000000003', 'Notif 3', 'Content 3', '/tasks/dddddddd-0000-0000-0000-000000000003', 0, '11111111-0000-0000-0000-000000000003', GETDATE());
INSERT INTO Notifications (Id, Title, Content, LinkUrl, IsRead, UserId, CreatedAt) VALUES ('dddddddd-0000-0000-0000-000000000004', 'Notif 4', 'Content 4', '/tasks/dddddddd-0000-0000-0000-000000000004', 0, '11111111-0000-0000-0000-000000000004', GETDATE());
INSERT INTO Notifications (Id, Title, Content, LinkUrl, IsRead, UserId, CreatedAt) VALUES ('dddddddd-0000-0000-0000-000000000005', 'Notif 5', 'Content 5', '/tasks/dddddddd-0000-0000-0000-000000000005', 0, '11111111-0000-0000-0000-000000000005', GETDATE());
INSERT INTO Notifications (Id, Title, Content, LinkUrl, IsRead, UserId, CreatedAt) VALUES ('dddddddd-0000-0000-0000-000000000006', 'Notif 6', 'Content 6', '/tasks/dddddddd-0000-0000-0000-000000000006', 0, '11111111-0000-0000-0000-000000000006', GETDATE());
INSERT INTO Notifications (Id, Title, Content, LinkUrl, IsRead, UserId, CreatedAt) VALUES ('dddddddd-0000-0000-0000-000000000007', 'Notif 7', 'Content 7', '/tasks/dddddddd-0000-0000-0000-000000000007', 0, '11111111-0000-0000-0000-000000000007', GETDATE());
INSERT INTO Notifications (Id, Title, Content, LinkUrl, IsRead, UserId, CreatedAt) VALUES ('dddddddd-0000-0000-0000-000000000008', 'Notif 8', 'Content 8', '/tasks/dddddddd-0000-0000-0000-000000000008', 0, '11111111-0000-0000-0000-000000000008', GETDATE());
INSERT INTO Notifications (Id, Title, Content, LinkUrl, IsRead, UserId, CreatedAt) VALUES ('dddddddd-0000-0000-0000-000000000009', 'Notif 9', 'Content 9', '/tasks/dddddddd-0000-0000-0000-000000000009', 0, '11111111-0000-0000-0000-000000000009', GETDATE());
INSERT INTO Notifications (Id, Title, Content, LinkUrl, IsRead, UserId, CreatedAt) VALUES ('dddddddd-0000-0000-0000-00000000000a', 'Notif 10', 'Content 10', '/tasks/dddddddd-0000-0000-0000-00000000000a', 0, '11111111-0000-0000-0000-00000000000a', GETDATE());
INSERT INTO Notifications (Id, Title, Content, LinkUrl, IsRead, UserId, CreatedAt) VALUES ('dddddddd-0000-0000-0000-00000000000b', 'Notif 11', 'Content 11', '/tasks/dddddddd-0000-0000-0000-00000000000b', 0, '11111111-0000-0000-0000-00000000000b', GETDATE());
INSERT INTO Notifications (Id, Title, Content, LinkUrl, IsRead, UserId, CreatedAt) VALUES ('dddddddd-0000-0000-0000-00000000000c', 'Notif 12', 'Content 12', '/tasks/dddddddd-0000-0000-0000-00000000000c', 0, '11111111-0000-0000-0000-00000000000c', GETDATE());
INSERT INTO Notifications (Id, Title, Content, LinkUrl, IsRead, UserId, CreatedAt) VALUES ('dddddddd-0000-0000-0000-00000000000d', 'Notif 13', 'Content 13', '/tasks/dddddddd-0000-0000-0000-00000000000d', 0, '11111111-0000-0000-0000-00000000000d', GETDATE());
INSERT INTO Notifications (Id, Title, Content, LinkUrl, IsRead, UserId, CreatedAt) VALUES ('dddddddd-0000-0000-0000-00000000000e', 'Notif 14', 'Content 14', '/tasks/dddddddd-0000-0000-0000-00000000000e', 0, '11111111-0000-0000-0000-00000000000e', GETDATE());
INSERT INTO Notifications (Id, Title, Content, LinkUrl, IsRead, UserId, CreatedAt) VALUES ('dddddddd-0000-0000-0000-00000000000f', 'Notif 15', 'Content 15', '/tasks/dddddddd-0000-0000-0000-00000000000f', 0, '11111111-0000-0000-0000-00000000000f', GETDATE());
INSERT INTO Notifications (Id, Title, Content, LinkUrl, IsRead, UserId, CreatedAt) VALUES ('dddddddd-0000-0000-0000-000000000010', 'Notif 16', 'Content 16', '/tasks/dddddddd-0000-0000-0000-000000000010', 0, '11111111-0000-0000-0000-000000000010', GETDATE());
INSERT INTO Notifications (Id, Title, Content, LinkUrl, IsRead, UserId, CreatedAt) VALUES ('dddddddd-0000-0000-0000-000000000011', 'Notif 17', 'Content 17', '/tasks/dddddddd-0000-0000-0000-000000000011', 0, '11111111-0000-0000-0000-000000000011', GETDATE());
INSERT INTO Notifications (Id, Title, Content, LinkUrl, IsRead, UserId, CreatedAt) VALUES ('dddddddd-0000-0000-0000-000000000012', 'Notif 18', 'Content 18', '/tasks/dddddddd-0000-0000-0000-000000000012', 0, '11111111-0000-0000-0000-000000000012', GETDATE());
INSERT INTO Notifications (Id, Title, Content, LinkUrl, IsRead, UserId, CreatedAt) VALUES ('dddddddd-0000-0000-0000-000000000013', 'Notif 19', 'Content 19', '/tasks/dddddddd-0000-0000-0000-000000000013', 0, '11111111-0000-0000-0000-000000000013', GETDATE());
INSERT INTO Notifications (Id, Title, Content, LinkUrl, IsRead, UserId, CreatedAt) VALUES ('dddddddd-0000-0000-0000-000000000014', 'Notif 20', 'Content 20', '/tasks/dddddddd-0000-0000-0000-000000000014', 0, '11111111-0000-0000-0000-000000000014', GETDATE());

-- PerformanceReviews
INSERT INTO PerformanceReviews (Id, ReviewerId, RevieweeId, Score, Feedback, ReviewPeriod, CreatedAt) VALUES ('eeeeeeee-0000-0000-0000-000000000001', '11111111-0000-0000-0000-000000000001', '11111111-0000-0000-0000-000000000002', 2, 'Feedback 1', '2026-Q1', GETDATE());
INSERT INTO PerformanceReviews (Id, ReviewerId, RevieweeId, Score, Feedback, ReviewPeriod, CreatedAt) VALUES ('eeeeeeee-0000-0000-0000-000000000002', '11111111-0000-0000-0000-000000000002', '11111111-0000-0000-0000-000000000003', 3, 'Feedback 2', '2026-Q1', GETDATE());
INSERT INTO PerformanceReviews (Id, ReviewerId, RevieweeId, Score, Feedback, ReviewPeriod, CreatedAt) VALUES ('eeeeeeee-0000-0000-0000-000000000003', '11111111-0000-0000-0000-000000000003', '11111111-0000-0000-0000-000000000004', 4, 'Feedback 3', '2026-Q1', GETDATE());
INSERT INTO PerformanceReviews (Id, ReviewerId, RevieweeId, Score, Feedback, ReviewPeriod, CreatedAt) VALUES ('eeeeeeee-0000-0000-0000-000000000004', '11111111-0000-0000-0000-000000000004', '11111111-0000-0000-0000-000000000005', 5, 'Feedback 4', '2026-Q1', GETDATE());
INSERT INTO PerformanceReviews (Id, ReviewerId, RevieweeId, Score, Feedback, ReviewPeriod, CreatedAt) VALUES ('eeeeeeee-0000-0000-0000-000000000005', '11111111-0000-0000-0000-000000000005', '11111111-0000-0000-0000-000000000006', 6, 'Feedback 5', '2026-Q1', GETDATE());
INSERT INTO PerformanceReviews (Id, ReviewerId, RevieweeId, Score, Feedback, ReviewPeriod, CreatedAt) VALUES ('eeeeeeee-0000-0000-0000-000000000006', '11111111-0000-0000-0000-000000000006', '11111111-0000-0000-0000-000000000007', 7, 'Feedback 6', '2026-Q1', GETDATE());
INSERT INTO PerformanceReviews (Id, ReviewerId, RevieweeId, Score, Feedback, ReviewPeriod, CreatedAt) VALUES ('eeeeeeee-0000-0000-0000-000000000007', '11111111-0000-0000-0000-000000000007', '11111111-0000-0000-0000-000000000008', 8, 'Feedback 7', '2026-Q1', GETDATE());
INSERT INTO PerformanceReviews (Id, ReviewerId, RevieweeId, Score, Feedback, ReviewPeriod, CreatedAt) VALUES ('eeeeeeee-0000-0000-0000-000000000008', '11111111-0000-0000-0000-000000000008', '11111111-0000-0000-0000-000000000009', 9, 'Feedback 8', '2026-Q1', GETDATE());
INSERT INTO PerformanceReviews (Id, ReviewerId, RevieweeId, Score, Feedback, ReviewPeriod, CreatedAt) VALUES ('eeeeeeee-0000-0000-0000-000000000009', '11111111-0000-0000-0000-000000000009', '11111111-0000-0000-0000-00000000000a', 10, 'Feedback 9', '2026-Q1', GETDATE());
INSERT INTO PerformanceReviews (Id, ReviewerId, RevieweeId, Score, Feedback, ReviewPeriod, CreatedAt) VALUES ('eeeeeeee-0000-0000-0000-00000000000a', '11111111-0000-0000-0000-00000000000a', '11111111-0000-0000-0000-00000000000b', 1, 'Feedback 10', '2026-Q1', GETDATE());
INSERT INTO PerformanceReviews (Id, ReviewerId, RevieweeId, Score, Feedback, ReviewPeriod, CreatedAt) VALUES ('eeeeeeee-0000-0000-0000-00000000000b', '11111111-0000-0000-0000-00000000000b', '11111111-0000-0000-0000-00000000000c', 2, 'Feedback 11', '2026-Q1', GETDATE());
INSERT INTO PerformanceReviews (Id, ReviewerId, RevieweeId, Score, Feedback, ReviewPeriod, CreatedAt) VALUES ('eeeeeeee-0000-0000-0000-00000000000c', '11111111-0000-0000-0000-00000000000c', '11111111-0000-0000-0000-00000000000d', 3, 'Feedback 12', '2026-Q1', GETDATE());
INSERT INTO PerformanceReviews (Id, ReviewerId, RevieweeId, Score, Feedback, ReviewPeriod, CreatedAt) VALUES ('eeeeeeee-0000-0000-0000-00000000000d', '11111111-0000-0000-0000-00000000000d', '11111111-0000-0000-0000-00000000000e', 4, 'Feedback 13', '2026-Q1', GETDATE());
INSERT INTO PerformanceReviews (Id, ReviewerId, RevieweeId, Score, Feedback, ReviewPeriod, CreatedAt) VALUES ('eeeeeeee-0000-0000-0000-00000000000e', '11111111-0000-0000-0000-00000000000e', '11111111-0000-0000-0000-00000000000f', 5, 'Feedback 14', '2026-Q1', GETDATE());
INSERT INTO PerformanceReviews (Id, ReviewerId, RevieweeId, Score, Feedback, ReviewPeriod, CreatedAt) VALUES ('eeeeeeee-0000-0000-0000-00000000000f', '11111111-0000-0000-0000-00000000000f', '11111111-0000-0000-0000-000000000010', 6, 'Feedback 15', '2026-Q1', GETDATE());
INSERT INTO PerformanceReviews (Id, ReviewerId, RevieweeId, Score, Feedback, ReviewPeriod, CreatedAt) VALUES ('eeeeeeee-0000-0000-0000-000000000010', '11111111-0000-0000-0000-000000000010', '11111111-0000-0000-0000-000000000011', 7, 'Feedback 16', '2026-Q1', GETDATE());
INSERT INTO PerformanceReviews (Id, ReviewerId, RevieweeId, Score, Feedback, ReviewPeriod, CreatedAt) VALUES ('eeeeeeee-0000-0000-0000-000000000011', '11111111-0000-0000-0000-000000000011', '11111111-0000-0000-0000-000000000012', 8, 'Feedback 17', '2026-Q1', GETDATE());
INSERT INTO PerformanceReviews (Id, ReviewerId, RevieweeId, Score, Feedback, ReviewPeriod, CreatedAt) VALUES ('eeeeeeee-0000-0000-0000-000000000012', '11111111-0000-0000-0000-000000000012', '11111111-0000-0000-0000-000000000013', 9, 'Feedback 18', '2026-Q1', GETDATE());
INSERT INTO PerformanceReviews (Id, ReviewerId, RevieweeId, Score, Feedback, ReviewPeriod, CreatedAt) VALUES ('eeeeeeee-0000-0000-0000-000000000013', '11111111-0000-0000-0000-000000000013', '11111111-0000-0000-0000-000000000014', 10, 'Feedback 19', '2026-Q1', GETDATE());
INSERT INTO PerformanceReviews (Id, ReviewerId, RevieweeId, Score, Feedback, ReviewPeriod, CreatedAt) VALUES ('eeeeeeee-0000-0000-0000-000000000014', '11111111-0000-0000-0000-000000000014', '11111111-0000-0000-0000-000000000001', 1, 'Feedback 20', '2026-Q1', GETDATE());

-- UserWallets
INSERT INTO UserWallets (UserId, TotalPoints, Level) VALUES ('11111111-0000-0000-0000-000000000001', 1000, 1);
INSERT INTO UserWallets (UserId, TotalPoints, Level) VALUES ('11111111-0000-0000-0000-000000000002', 1000, 1);
INSERT INTO UserWallets (UserId, TotalPoints, Level) VALUES ('11111111-0000-0000-0000-000000000003', 1000, 1);
INSERT INTO UserWallets (UserId, TotalPoints, Level) VALUES ('11111111-0000-0000-0000-000000000004', 1000, 1);
INSERT INTO UserWallets (UserId, TotalPoints, Level) VALUES ('11111111-0000-0000-0000-000000000005', 1000, 1);
INSERT INTO UserWallets (UserId, TotalPoints, Level) VALUES ('11111111-0000-0000-0000-000000000006', 1000, 1);
INSERT INTO UserWallets (UserId, TotalPoints, Level) VALUES ('11111111-0000-0000-0000-000000000007', 1000, 1);
INSERT INTO UserWallets (UserId, TotalPoints, Level) VALUES ('11111111-0000-0000-0000-000000000008', 1000, 1);
INSERT INTO UserWallets (UserId, TotalPoints, Level) VALUES ('11111111-0000-0000-0000-000000000009', 1000, 1);
INSERT INTO UserWallets (UserId, TotalPoints, Level) VALUES ('11111111-0000-0000-0000-00000000000a', 1000, 1);
INSERT INTO UserWallets (UserId, TotalPoints, Level) VALUES ('11111111-0000-0000-0000-00000000000b', 1000, 1);
INSERT INTO UserWallets (UserId, TotalPoints, Level) VALUES ('11111111-0000-0000-0000-00000000000c', 1000, 1);
INSERT INTO UserWallets (UserId, TotalPoints, Level) VALUES ('11111111-0000-0000-0000-00000000000d', 1000, 1);
INSERT INTO UserWallets (UserId, TotalPoints, Level) VALUES ('11111111-0000-0000-0000-00000000000e', 1000, 1);
INSERT INTO UserWallets (UserId, TotalPoints, Level) VALUES ('11111111-0000-0000-0000-00000000000f', 1000, 1);
INSERT INTO UserWallets (UserId, TotalPoints, Level) VALUES ('11111111-0000-0000-0000-000000000010', 1000, 1);
INSERT INTO UserWallets (UserId, TotalPoints, Level) VALUES ('11111111-0000-0000-0000-000000000011', 1000, 1);
INSERT INTO UserWallets (UserId, TotalPoints, Level) VALUES ('11111111-0000-0000-0000-000000000012', 1000, 1);
INSERT INTO UserWallets (UserId, TotalPoints, Level) VALUES ('11111111-0000-0000-0000-000000000013', 1000, 1);
INSERT INTO UserWallets (UserId, TotalPoints, Level) VALUES ('11111111-0000-0000-0000-000000000014', 1000, 1);

-- PointTransactions
INSERT INTO PointTransactions (Id, UserWalletUserId, Amount, Reason, CreatedAt) VALUES ('10101010-0000-0000-0000-000000000001', '11111111-0000-0000-0000-000000000001', 10, 'Completed Task 1', GETDATE());
INSERT INTO PointTransactions (Id, UserWalletUserId, Amount, Reason, CreatedAt) VALUES ('10101010-0000-0000-0000-000000000002', '11111111-0000-0000-0000-000000000002', 10, 'Completed Task 2', GETDATE());
INSERT INTO PointTransactions (Id, UserWalletUserId, Amount, Reason, CreatedAt) VALUES ('10101010-0000-0000-0000-000000000003', '11111111-0000-0000-0000-000000000003', 10, 'Completed Task 3', GETDATE());
INSERT INTO PointTransactions (Id, UserWalletUserId, Amount, Reason, CreatedAt) VALUES ('10101010-0000-0000-0000-000000000004', '11111111-0000-0000-0000-000000000004', 10, 'Completed Task 4', GETDATE());
INSERT INTO PointTransactions (Id, UserWalletUserId, Amount, Reason, CreatedAt) VALUES ('10101010-0000-0000-0000-000000000005', '11111111-0000-0000-0000-000000000005', 10, 'Completed Task 5', GETDATE());
INSERT INTO PointTransactions (Id, UserWalletUserId, Amount, Reason, CreatedAt) VALUES ('10101010-0000-0000-0000-000000000006', '11111111-0000-0000-0000-000000000006', 10, 'Completed Task 6', GETDATE());
INSERT INTO PointTransactions (Id, UserWalletUserId, Amount, Reason, CreatedAt) VALUES ('10101010-0000-0000-0000-000000000007', '11111111-0000-0000-0000-000000000007', 10, 'Completed Task 7', GETDATE());
INSERT INTO PointTransactions (Id, UserWalletUserId, Amount, Reason, CreatedAt) VALUES ('10101010-0000-0000-0000-000000000008', '11111111-0000-0000-0000-000000000008', 10, 'Completed Task 8', GETDATE());
INSERT INTO PointTransactions (Id, UserWalletUserId, Amount, Reason, CreatedAt) VALUES ('10101010-0000-0000-0000-000000000009', '11111111-0000-0000-0000-000000000009', 10, 'Completed Task 9', GETDATE());
INSERT INTO PointTransactions (Id, UserWalletUserId, Amount, Reason, CreatedAt) VALUES ('10101010-0000-0000-0000-00000000000a', '11111111-0000-0000-0000-00000000000a', 10, 'Completed Task 10', GETDATE());
INSERT INTO PointTransactions (Id, UserWalletUserId, Amount, Reason, CreatedAt) VALUES ('10101010-0000-0000-0000-00000000000b', '11111111-0000-0000-0000-00000000000b', 10, 'Completed Task 11', GETDATE());
INSERT INTO PointTransactions (Id, UserWalletUserId, Amount, Reason, CreatedAt) VALUES ('10101010-0000-0000-0000-00000000000c', '11111111-0000-0000-0000-00000000000c', 10, 'Completed Task 12', GETDATE());
INSERT INTO PointTransactions (Id, UserWalletUserId, Amount, Reason, CreatedAt) VALUES ('10101010-0000-0000-0000-00000000000d', '11111111-0000-0000-0000-00000000000d', 10, 'Completed Task 13', GETDATE());
INSERT INTO PointTransactions (Id, UserWalletUserId, Amount, Reason, CreatedAt) VALUES ('10101010-0000-0000-0000-00000000000e', '11111111-0000-0000-0000-00000000000e', 10, 'Completed Task 14', GETDATE());
INSERT INTO PointTransactions (Id, UserWalletUserId, Amount, Reason, CreatedAt) VALUES ('10101010-0000-0000-0000-00000000000f', '11111111-0000-0000-0000-00000000000f', 10, 'Completed Task 15', GETDATE());
INSERT INTO PointTransactions (Id, UserWalletUserId, Amount, Reason, CreatedAt) VALUES ('10101010-0000-0000-0000-000000000010', '11111111-0000-0000-0000-000000000010', 10, 'Completed Task 16', GETDATE());
INSERT INTO PointTransactions (Id, UserWalletUserId, Amount, Reason, CreatedAt) VALUES ('10101010-0000-0000-0000-000000000011', '11111111-0000-0000-0000-000000000011', 10, 'Completed Task 17', GETDATE());
INSERT INTO PointTransactions (Id, UserWalletUserId, Amount, Reason, CreatedAt) VALUES ('10101010-0000-0000-0000-000000000012', '11111111-0000-0000-0000-000000000012', 10, 'Completed Task 18', GETDATE());
INSERT INTO PointTransactions (Id, UserWalletUserId, Amount, Reason, CreatedAt) VALUES ('10101010-0000-0000-0000-000000000013', '11111111-0000-0000-0000-000000000013', 10, 'Completed Task 19', GETDATE());
INSERT INTO PointTransactions (Id, UserWalletUserId, Amount, Reason, CreatedAt) VALUES ('10101010-0000-0000-0000-000000000014', '11111111-0000-0000-0000-000000000014', 10, 'Completed Task 20', GETDATE());

-- AIPromptTemplates
INSERT INTO AIPromptTemplates (Id, Code, TemplateContent, IsActive) VALUES ('20202020-0000-0000-0000-000000000001', 'PROMPT_1', 'Template content 1', 1);
INSERT INTO AIPromptTemplates (Id, Code, TemplateContent, IsActive) VALUES ('20202020-0000-0000-0000-000000000002', 'PROMPT_2', 'Template content 2', 1);
INSERT INTO AIPromptTemplates (Id, Code, TemplateContent, IsActive) VALUES ('20202020-0000-0000-0000-000000000003', 'PROMPT_3', 'Template content 3', 1);
INSERT INTO AIPromptTemplates (Id, Code, TemplateContent, IsActive) VALUES ('20202020-0000-0000-0000-000000000004', 'PROMPT_4', 'Template content 4', 1);
INSERT INTO AIPromptTemplates (Id, Code, TemplateContent, IsActive) VALUES ('20202020-0000-0000-0000-000000000005', 'PROMPT_5', 'Template content 5', 1);
INSERT INTO AIPromptTemplates (Id, Code, TemplateContent, IsActive) VALUES ('20202020-0000-0000-0000-000000000006', 'PROMPT_6', 'Template content 6', 1);
INSERT INTO AIPromptTemplates (Id, Code, TemplateContent, IsActive) VALUES ('20202020-0000-0000-0000-000000000007', 'PROMPT_7', 'Template content 7', 1);
INSERT INTO AIPromptTemplates (Id, Code, TemplateContent, IsActive) VALUES ('20202020-0000-0000-0000-000000000008', 'PROMPT_8', 'Template content 8', 1);
INSERT INTO AIPromptTemplates (Id, Code, TemplateContent, IsActive) VALUES ('20202020-0000-0000-0000-000000000009', 'PROMPT_9', 'Template content 9', 1);
INSERT INTO AIPromptTemplates (Id, Code, TemplateContent, IsActive) VALUES ('20202020-0000-0000-0000-00000000000a', 'PROMPT_10', 'Template content 10', 1);
INSERT INTO AIPromptTemplates (Id, Code, TemplateContent, IsActive) VALUES ('20202020-0000-0000-0000-00000000000b', 'PROMPT_11', 'Template content 11', 1);
INSERT INTO AIPromptTemplates (Id, Code, TemplateContent, IsActive) VALUES ('20202020-0000-0000-0000-00000000000c', 'PROMPT_12', 'Template content 12', 1);
INSERT INTO AIPromptTemplates (Id, Code, TemplateContent, IsActive) VALUES ('20202020-0000-0000-0000-00000000000d', 'PROMPT_13', 'Template content 13', 1);
INSERT INTO AIPromptTemplates (Id, Code, TemplateContent, IsActive) VALUES ('20202020-0000-0000-0000-00000000000e', 'PROMPT_14', 'Template content 14', 1);
INSERT INTO AIPromptTemplates (Id, Code, TemplateContent, IsActive) VALUES ('20202020-0000-0000-0000-00000000000f', 'PROMPT_15', 'Template content 15', 1);
INSERT INTO AIPromptTemplates (Id, Code, TemplateContent, IsActive) VALUES ('20202020-0000-0000-0000-000000000010', 'PROMPT_16', 'Template content 16', 1);
INSERT INTO AIPromptTemplates (Id, Code, TemplateContent, IsActive) VALUES ('20202020-0000-0000-0000-000000000011', 'PROMPT_17', 'Template content 17', 1);
INSERT INTO AIPromptTemplates (Id, Code, TemplateContent, IsActive) VALUES ('20202020-0000-0000-0000-000000000012', 'PROMPT_18', 'Template content 18', 1);
INSERT INTO AIPromptTemplates (Id, Code, TemplateContent, IsActive) VALUES ('20202020-0000-0000-0000-000000000013', 'PROMPT_19', 'Template content 19', 1);
INSERT INTO AIPromptTemplates (Id, Code, TemplateContent, IsActive) VALUES ('20202020-0000-0000-0000-000000000014', 'PROMPT_20', 'Template content 20', 1);

-- AITokenUsages
INSERT INTO AITokenUsages (Id, UserId, FeatureCode, TokensUsed, CreatedAt) VALUES ('30303030-0000-0000-0000-000000000001', '11111111-0000-0000-0000-000000000001', 'FEATURE_1', 30, GETDATE());
INSERT INTO AITokenUsages (Id, UserId, FeatureCode, TokensUsed, CreatedAt) VALUES ('30303030-0000-0000-0000-000000000002', '11111111-0000-0000-0000-000000000002', 'FEATURE_2', 30, GETDATE());
INSERT INTO AITokenUsages (Id, UserId, FeatureCode, TokensUsed, CreatedAt) VALUES ('30303030-0000-0000-0000-000000000003', '11111111-0000-0000-0000-000000000003', 'FEATURE_3', 30, GETDATE());
INSERT INTO AITokenUsages (Id, UserId, FeatureCode, TokensUsed, CreatedAt) VALUES ('30303030-0000-0000-0000-000000000004', '11111111-0000-0000-0000-000000000004', 'FEATURE_4', 30, GETDATE());
INSERT INTO AITokenUsages (Id, UserId, FeatureCode, TokensUsed, CreatedAt) VALUES ('30303030-0000-0000-0000-000000000005', '11111111-0000-0000-0000-000000000005', 'FEATURE_5', 30, GETDATE());
INSERT INTO AITokenUsages (Id, UserId, FeatureCode, TokensUsed, CreatedAt) VALUES ('30303030-0000-0000-0000-000000000006', '11111111-0000-0000-0000-000000000006', 'FEATURE_6', 30, GETDATE());
INSERT INTO AITokenUsages (Id, UserId, FeatureCode, TokensUsed, CreatedAt) VALUES ('30303030-0000-0000-0000-000000000007', '11111111-0000-0000-0000-000000000007', 'FEATURE_7', 30, GETDATE());
INSERT INTO AITokenUsages (Id, UserId, FeatureCode, TokensUsed, CreatedAt) VALUES ('30303030-0000-0000-0000-000000000008', '11111111-0000-0000-0000-000000000008', 'FEATURE_8', 30, GETDATE());
INSERT INTO AITokenUsages (Id, UserId, FeatureCode, TokensUsed, CreatedAt) VALUES ('30303030-0000-0000-0000-000000000009', '11111111-0000-0000-0000-000000000009', 'FEATURE_9', 30, GETDATE());
INSERT INTO AITokenUsages (Id, UserId, FeatureCode, TokensUsed, CreatedAt) VALUES ('30303030-0000-0000-0000-00000000000a', '11111111-0000-0000-0000-00000000000a', 'FEATURE_10', 30, GETDATE());
INSERT INTO AITokenUsages (Id, UserId, FeatureCode, TokensUsed, CreatedAt) VALUES ('30303030-0000-0000-0000-00000000000b', '11111111-0000-0000-0000-00000000000b', 'FEATURE_11', 30, GETDATE());
INSERT INTO AITokenUsages (Id, UserId, FeatureCode, TokensUsed, CreatedAt) VALUES ('30303030-0000-0000-0000-00000000000c', '11111111-0000-0000-0000-00000000000c', 'FEATURE_12', 30, GETDATE());
INSERT INTO AITokenUsages (Id, UserId, FeatureCode, TokensUsed, CreatedAt) VALUES ('30303030-0000-0000-0000-00000000000d', '11111111-0000-0000-0000-00000000000d', 'FEATURE_13', 30, GETDATE());
INSERT INTO AITokenUsages (Id, UserId, FeatureCode, TokensUsed, CreatedAt) VALUES ('30303030-0000-0000-0000-00000000000e', '11111111-0000-0000-0000-00000000000e', 'FEATURE_14', 30, GETDATE());
INSERT INTO AITokenUsages (Id, UserId, FeatureCode, TokensUsed, CreatedAt) VALUES ('30303030-0000-0000-0000-00000000000f', '11111111-0000-0000-0000-00000000000f', 'FEATURE_15', 30, GETDATE());
INSERT INTO AITokenUsages (Id, UserId, FeatureCode, TokensUsed, CreatedAt) VALUES ('30303030-0000-0000-0000-000000000010', '11111111-0000-0000-0000-000000000010', 'FEATURE_16', 30, GETDATE());
INSERT INTO AITokenUsages (Id, UserId, FeatureCode, TokensUsed, CreatedAt) VALUES ('30303030-0000-0000-0000-000000000011', '11111111-0000-0000-0000-000000000011', 'FEATURE_17', 30, GETDATE());
INSERT INTO AITokenUsages (Id, UserId, FeatureCode, TokensUsed, CreatedAt) VALUES ('30303030-0000-0000-0000-000000000012', '11111111-0000-0000-0000-000000000012', 'FEATURE_18', 30, GETDATE());
INSERT INTO AITokenUsages (Id, UserId, FeatureCode, TokensUsed, CreatedAt) VALUES ('30303030-0000-0000-0000-000000000013', '11111111-0000-0000-0000-000000000013', 'FEATURE_19', 30, GETDATE());
INSERT INTO AITokenUsages (Id, UserId, FeatureCode, TokensUsed, CreatedAt) VALUES ('30303030-0000-0000-0000-000000000014', '11111111-0000-0000-0000-000000000014', 'FEATURE_20', 30, GETDATE());

-- AIFeedbacks
INSERT INTO AIFeedbacks (Id, UserId, PromptContent, AIResponse, Rating, CreatedAt) VALUES ('40404040-0000-0000-0000-000000000001', '11111111-0000-0000-0000-000000000001', 'Prompt content 1', 'AI response 1', 5, GETDATE());
INSERT INTO AIFeedbacks (Id, UserId, PromptContent, AIResponse, Rating, CreatedAt) VALUES ('40404040-0000-0000-0000-000000000002', '11111111-0000-0000-0000-000000000002', 'Prompt content 2', 'AI response 2', 5, GETDATE());
INSERT INTO AIFeedbacks (Id, UserId, PromptContent, AIResponse, Rating, CreatedAt) VALUES ('40404040-0000-0000-0000-000000000003', '11111111-0000-0000-0000-000000000003', 'Prompt content 3', 'AI response 3', 5, GETDATE());
INSERT INTO AIFeedbacks (Id, UserId, PromptContent, AIResponse, Rating, CreatedAt) VALUES ('40404040-0000-0000-0000-000000000004', '11111111-0000-0000-0000-000000000004', 'Prompt content 4', 'AI response 4', 5, GETDATE());
INSERT INTO AIFeedbacks (Id, UserId, PromptContent, AIResponse, Rating, CreatedAt) VALUES ('40404040-0000-0000-0000-000000000005', '11111111-0000-0000-0000-000000000005', 'Prompt content 5', 'AI response 5', 5, GETDATE());
INSERT INTO AIFeedbacks (Id, UserId, PromptContent, AIResponse, Rating, CreatedAt) VALUES ('40404040-0000-0000-0000-000000000006', '11111111-0000-0000-0000-000000000006', 'Prompt content 6', 'AI response 6', 5, GETDATE());
INSERT INTO AIFeedbacks (Id, UserId, PromptContent, AIResponse, Rating, CreatedAt) VALUES ('40404040-0000-0000-0000-000000000007', '11111111-0000-0000-0000-000000000007', 'Prompt content 7', 'AI response 7', 5, GETDATE());
INSERT INTO AIFeedbacks (Id, UserId, PromptContent, AIResponse, Rating, CreatedAt) VALUES ('40404040-0000-0000-0000-000000000008', '11111111-0000-0000-0000-000000000008', 'Prompt content 8', 'AI response 8', 5, GETDATE());
INSERT INTO AIFeedbacks (Id, UserId, PromptContent, AIResponse, Rating, CreatedAt) VALUES ('40404040-0000-0000-0000-000000000009', '11111111-0000-0000-0000-000000000009', 'Prompt content 9', 'AI response 9', 5, GETDATE());
INSERT INTO AIFeedbacks (Id, UserId, PromptContent, AIResponse, Rating, CreatedAt) VALUES ('40404040-0000-0000-0000-00000000000a', '11111111-0000-0000-0000-00000000000a', 'Prompt content 10', 'AI response 10', 5, GETDATE());
INSERT INTO AIFeedbacks (Id, UserId, PromptContent, AIResponse, Rating, CreatedAt) VALUES ('40404040-0000-0000-0000-00000000000b', '11111111-0000-0000-0000-00000000000b', 'Prompt content 11', 'AI response 11', 5, GETDATE());
INSERT INTO AIFeedbacks (Id, UserId, PromptContent, AIResponse, Rating, CreatedAt) VALUES ('40404040-0000-0000-0000-00000000000c', '11111111-0000-0000-0000-00000000000c', 'Prompt content 12', 'AI response 12', 5, GETDATE());
INSERT INTO AIFeedbacks (Id, UserId, PromptContent, AIResponse, Rating, CreatedAt) VALUES ('40404040-0000-0000-0000-00000000000d', '11111111-0000-0000-0000-00000000000d', 'Prompt content 13', 'AI response 13', 5, GETDATE());
INSERT INTO AIFeedbacks (Id, UserId, PromptContent, AIResponse, Rating, CreatedAt) VALUES ('40404040-0000-0000-0000-00000000000e', '11111111-0000-0000-0000-00000000000e', 'Prompt content 14', 'AI response 14', 5, GETDATE());
INSERT INTO AIFeedbacks (Id, UserId, PromptContent, AIResponse, Rating, CreatedAt) VALUES ('40404040-0000-0000-0000-00000000000f', '11111111-0000-0000-0000-00000000000f', 'Prompt content 15', 'AI response 15', 5, GETDATE());
INSERT INTO AIFeedbacks (Id, UserId, PromptContent, AIResponse, Rating, CreatedAt) VALUES ('40404040-0000-0000-0000-000000000010', '11111111-0000-0000-0000-000000000010', 'Prompt content 16', 'AI response 16', 5, GETDATE());
INSERT INTO AIFeedbacks (Id, UserId, PromptContent, AIResponse, Rating, CreatedAt) VALUES ('40404040-0000-0000-0000-000000000011', '11111111-0000-0000-0000-000000000011', 'Prompt content 17', 'AI response 17', 5, GETDATE());
INSERT INTO AIFeedbacks (Id, UserId, PromptContent, AIResponse, Rating, CreatedAt) VALUES ('40404040-0000-0000-0000-000000000012', '11111111-0000-0000-0000-000000000012', 'Prompt content 18', 'AI response 18', 5, GETDATE());
INSERT INTO AIFeedbacks (Id, UserId, PromptContent, AIResponse, Rating, CreatedAt) VALUES ('40404040-0000-0000-0000-000000000013', '11111111-0000-0000-0000-000000000013', 'Prompt content 19', 'AI response 19', 5, GETDATE());
INSERT INTO AIFeedbacks (Id, UserId, PromptContent, AIResponse, Rating, CreatedAt) VALUES ('40404040-0000-0000-0000-000000000014', '11111111-0000-0000-0000-000000000014', 'Prompt content 20', 'AI response 20', 5, GETDATE());

-- AITrainingDatasets
INSERT INTO AITrainingDatasets (Id, Category, InputData, OutputData, IsApproved, CreatorId, CreatedAt) VALUES ('50505050-0000-0000-0000-000000000001', 'Category 1', 'Input 1', 'Output 1', 1, '11111111-0000-0000-0000-000000000001', GETDATE());
INSERT INTO AITrainingDatasets (Id, Category, InputData, OutputData, IsApproved, CreatorId, CreatedAt) VALUES ('50505050-0000-0000-0000-000000000002', 'Category 2', 'Input 2', 'Output 2', 1, '11111111-0000-0000-0000-000000000002', GETDATE());
INSERT INTO AITrainingDatasets (Id, Category, InputData, OutputData, IsApproved, CreatorId, CreatedAt) VALUES ('50505050-0000-0000-0000-000000000003', 'Category 3', 'Input 3', 'Output 3', 1, '11111111-0000-0000-0000-000000000003', GETDATE());
INSERT INTO AITrainingDatasets (Id, Category, InputData, OutputData, IsApproved, CreatorId, CreatedAt) VALUES ('50505050-0000-0000-0000-000000000004', 'Category 4', 'Input 4', 'Output 4', 1, '11111111-0000-0000-0000-000000000004', GETDATE());
INSERT INTO AITrainingDatasets (Id, Category, InputData, OutputData, IsApproved, CreatorId, CreatedAt) VALUES ('50505050-0000-0000-0000-000000000005', 'Category 5', 'Input 5', 'Output 5', 1, '11111111-0000-0000-0000-000000000005', GETDATE());
INSERT INTO AITrainingDatasets (Id, Category, InputData, OutputData, IsApproved, CreatorId, CreatedAt) VALUES ('50505050-0000-0000-0000-000000000006', 'Category 6', 'Input 6', 'Output 6', 1, '11111111-0000-0000-0000-000000000006', GETDATE());
INSERT INTO AITrainingDatasets (Id, Category, InputData, OutputData, IsApproved, CreatorId, CreatedAt) VALUES ('50505050-0000-0000-0000-000000000007', 'Category 7', 'Input 7', 'Output 7', 1, '11111111-0000-0000-0000-000000000007', GETDATE());
INSERT INTO AITrainingDatasets (Id, Category, InputData, OutputData, IsApproved, CreatorId, CreatedAt) VALUES ('50505050-0000-0000-0000-000000000008', 'Category 8', 'Input 8', 'Output 8', 1, '11111111-0000-0000-0000-000000000008', GETDATE());
INSERT INTO AITrainingDatasets (Id, Category, InputData, OutputData, IsApproved, CreatorId, CreatedAt) VALUES ('50505050-0000-0000-0000-000000000009', 'Category 9', 'Input 9', 'Output 9', 1, '11111111-0000-0000-0000-000000000009', GETDATE());
INSERT INTO AITrainingDatasets (Id, Category, InputData, OutputData, IsApproved, CreatorId, CreatedAt) VALUES ('50505050-0000-0000-0000-00000000000a', 'Category 10', 'Input 10', 'Output 10', 1, '11111111-0000-0000-0000-00000000000a', GETDATE());
INSERT INTO AITrainingDatasets (Id, Category, InputData, OutputData, IsApproved, CreatorId, CreatedAt) VALUES ('50505050-0000-0000-0000-00000000000b', 'Category 11', 'Input 11', 'Output 11', 1, '11111111-0000-0000-0000-00000000000b', GETDATE());
INSERT INTO AITrainingDatasets (Id, Category, InputData, OutputData, IsApproved, CreatorId, CreatedAt) VALUES ('50505050-0000-0000-0000-00000000000c', 'Category 12', 'Input 12', 'Output 12', 1, '11111111-0000-0000-0000-00000000000c', GETDATE());
INSERT INTO AITrainingDatasets (Id, Category, InputData, OutputData, IsApproved, CreatorId, CreatedAt) VALUES ('50505050-0000-0000-0000-00000000000d', 'Category 13', 'Input 13', 'Output 13', 1, '11111111-0000-0000-0000-00000000000d', GETDATE());
INSERT INTO AITrainingDatasets (Id, Category, InputData, OutputData, IsApproved, CreatorId, CreatedAt) VALUES ('50505050-0000-0000-0000-00000000000e', 'Category 14', 'Input 14', 'Output 14', 1, '11111111-0000-0000-0000-00000000000e', GETDATE());
INSERT INTO AITrainingDatasets (Id, Category, InputData, OutputData, IsApproved, CreatorId, CreatedAt) VALUES ('50505050-0000-0000-0000-00000000000f', 'Category 15', 'Input 15', 'Output 15', 1, '11111111-0000-0000-0000-00000000000f', GETDATE());
INSERT INTO AITrainingDatasets (Id, Category, InputData, OutputData, IsApproved, CreatorId, CreatedAt) VALUES ('50505050-0000-0000-0000-000000000010', 'Category 16', 'Input 16', 'Output 16', 1, '11111111-0000-0000-0000-000000000010', GETDATE());
INSERT INTO AITrainingDatasets (Id, Category, InputData, OutputData, IsApproved, CreatorId, CreatedAt) VALUES ('50505050-0000-0000-0000-000000000011', 'Category 17', 'Input 17', 'Output 17', 1, '11111111-0000-0000-0000-000000000011', GETDATE());
INSERT INTO AITrainingDatasets (Id, Category, InputData, OutputData, IsApproved, CreatorId, CreatedAt) VALUES ('50505050-0000-0000-0000-000000000012', 'Category 18', 'Input 18', 'Output 18', 1, '11111111-0000-0000-0000-000000000012', GETDATE());
INSERT INTO AITrainingDatasets (Id, Category, InputData, OutputData, IsApproved, CreatorId, CreatedAt) VALUES ('50505050-0000-0000-0000-000000000013', 'Category 19', 'Input 19', 'Output 19', 1, '11111111-0000-0000-0000-000000000013', GETDATE());
INSERT INTO AITrainingDatasets (Id, Category, InputData, OutputData, IsApproved, CreatorId, CreatedAt) VALUES ('50505050-0000-0000-0000-000000000014', 'Category 20', 'Input 20', 'Output 20', 1, '11111111-0000-0000-0000-000000000014', GETDATE());

-- TaskVectorEmbeddings
INSERT INTO TaskVectorEmbeddings (WorkTaskId, VectorData, LastCalculatedAt) VALUES ('99999999-0000-0000-0000-000000000001', '[]', GETDATE());
INSERT INTO TaskVectorEmbeddings (WorkTaskId, VectorData, LastCalculatedAt) VALUES ('99999999-0000-0000-0000-000000000002', '[]', GETDATE());
INSERT INTO TaskVectorEmbeddings (WorkTaskId, VectorData, LastCalculatedAt) VALUES ('99999999-0000-0000-0000-000000000003', '[]', GETDATE());
INSERT INTO TaskVectorEmbeddings (WorkTaskId, VectorData, LastCalculatedAt) VALUES ('99999999-0000-0000-0000-000000000004', '[]', GETDATE());
INSERT INTO TaskVectorEmbeddings (WorkTaskId, VectorData, LastCalculatedAt) VALUES ('99999999-0000-0000-0000-000000000005', '[]', GETDATE());
INSERT INTO TaskVectorEmbeddings (WorkTaskId, VectorData, LastCalculatedAt) VALUES ('99999999-0000-0000-0000-000000000006', '[]', GETDATE());
INSERT INTO TaskVectorEmbeddings (WorkTaskId, VectorData, LastCalculatedAt) VALUES ('99999999-0000-0000-0000-000000000007', '[]', GETDATE());
INSERT INTO TaskVectorEmbeddings (WorkTaskId, VectorData, LastCalculatedAt) VALUES ('99999999-0000-0000-0000-000000000008', '[]', GETDATE());
INSERT INTO TaskVectorEmbeddings (WorkTaskId, VectorData, LastCalculatedAt) VALUES ('99999999-0000-0000-0000-000000000009', '[]', GETDATE());
INSERT INTO TaskVectorEmbeddings (WorkTaskId, VectorData, LastCalculatedAt) VALUES ('99999999-0000-0000-0000-00000000000a', '[]', GETDATE());
INSERT INTO TaskVectorEmbeddings (WorkTaskId, VectorData, LastCalculatedAt) VALUES ('99999999-0000-0000-0000-00000000000b', '[]', GETDATE());
INSERT INTO TaskVectorEmbeddings (WorkTaskId, VectorData, LastCalculatedAt) VALUES ('99999999-0000-0000-0000-00000000000c', '[]', GETDATE());
INSERT INTO TaskVectorEmbeddings (WorkTaskId, VectorData, LastCalculatedAt) VALUES ('99999999-0000-0000-0000-00000000000d', '[]', GETDATE());
INSERT INTO TaskVectorEmbeddings (WorkTaskId, VectorData, LastCalculatedAt) VALUES ('99999999-0000-0000-0000-00000000000e', '[]', GETDATE());
INSERT INTO TaskVectorEmbeddings (WorkTaskId, VectorData, LastCalculatedAt) VALUES ('99999999-0000-0000-0000-00000000000f', '[]', GETDATE());
INSERT INTO TaskVectorEmbeddings (WorkTaskId, VectorData, LastCalculatedAt) VALUES ('99999999-0000-0000-0000-000000000010', '[]', GETDATE());
INSERT INTO TaskVectorEmbeddings (WorkTaskId, VectorData, LastCalculatedAt) VALUES ('99999999-0000-0000-0000-000000000011', '[]', GETDATE());
INSERT INTO TaskVectorEmbeddings (WorkTaskId, VectorData, LastCalculatedAt) VALUES ('99999999-0000-0000-0000-000000000012', '[]', GETDATE());
INSERT INTO TaskVectorEmbeddings (WorkTaskId, VectorData, LastCalculatedAt) VALUES ('99999999-0000-0000-0000-000000000013', '[]', GETDATE());
INSERT INTO TaskVectorEmbeddings (WorkTaskId, VectorData, LastCalculatedAt) VALUES ('99999999-0000-0000-0000-000000000014', '[]', GETDATE());

-- TimeLogs
INSERT INTO TimeLogs (Id, WorkTaskId, UserId, Hours, WorkType, Note, LoggedAt) VALUES ('70707070-0000-0000-0000-000000000001', '99999999-0000-0000-0000-000000000001', '11111111-0000-0000-0000-000000000001', 2, 'Dev', 'Note 1', GETDATE());
INSERT INTO TimeLogs (Id, WorkTaskId, UserId, Hours, WorkType, Note, LoggedAt) VALUES ('70707070-0000-0000-0000-000000000002', '99999999-0000-0000-0000-000000000002', '11111111-0000-0000-0000-000000000002', 2, 'Dev', 'Note 2', GETDATE());
INSERT INTO TimeLogs (Id, WorkTaskId, UserId, Hours, WorkType, Note, LoggedAt) VALUES ('70707070-0000-0000-0000-000000000003', '99999999-0000-0000-0000-000000000003', '11111111-0000-0000-0000-000000000003', 2, 'Dev', 'Note 3', GETDATE());
INSERT INTO TimeLogs (Id, WorkTaskId, UserId, Hours, WorkType, Note, LoggedAt) VALUES ('70707070-0000-0000-0000-000000000004', '99999999-0000-0000-0000-000000000004', '11111111-0000-0000-0000-000000000004', 2, 'Dev', 'Note 4', GETDATE());
INSERT INTO TimeLogs (Id, WorkTaskId, UserId, Hours, WorkType, Note, LoggedAt) VALUES ('70707070-0000-0000-0000-000000000005', '99999999-0000-0000-0000-000000000005', '11111111-0000-0000-0000-000000000005', 2, 'Dev', 'Note 5', GETDATE());
INSERT INTO TimeLogs (Id, WorkTaskId, UserId, Hours, WorkType, Note, LoggedAt) VALUES ('70707070-0000-0000-0000-000000000006', '99999999-0000-0000-0000-000000000006', '11111111-0000-0000-0000-000000000006', 2, 'Dev', 'Note 6', GETDATE());
INSERT INTO TimeLogs (Id, WorkTaskId, UserId, Hours, WorkType, Note, LoggedAt) VALUES ('70707070-0000-0000-0000-000000000007', '99999999-0000-0000-0000-000000000007', '11111111-0000-0000-0000-000000000007', 2, 'Dev', 'Note 7', GETDATE());
INSERT INTO TimeLogs (Id, WorkTaskId, UserId, Hours, WorkType, Note, LoggedAt) VALUES ('70707070-0000-0000-0000-000000000008', '99999999-0000-0000-0000-000000000008', '11111111-0000-0000-0000-000000000008', 2, 'Dev', 'Note 8', GETDATE());
INSERT INTO TimeLogs (Id, WorkTaskId, UserId, Hours, WorkType, Note, LoggedAt) VALUES ('70707070-0000-0000-0000-000000000009', '99999999-0000-0000-0000-000000000009', '11111111-0000-0000-0000-000000000009', 2, 'Dev', 'Note 9', GETDATE());
INSERT INTO TimeLogs (Id, WorkTaskId, UserId, Hours, WorkType, Note, LoggedAt) VALUES ('70707070-0000-0000-0000-00000000000a', '99999999-0000-0000-0000-00000000000a', '11111111-0000-0000-0000-00000000000a', 2, 'Dev', 'Note 10', GETDATE());
INSERT INTO TimeLogs (Id, WorkTaskId, UserId, Hours, WorkType, Note, LoggedAt) VALUES ('70707070-0000-0000-0000-00000000000b', '99999999-0000-0000-0000-00000000000b', '11111111-0000-0000-0000-00000000000b', 2, 'Dev', 'Note 11', GETDATE());
INSERT INTO TimeLogs (Id, WorkTaskId, UserId, Hours, WorkType, Note, LoggedAt) VALUES ('70707070-0000-0000-0000-00000000000c', '99999999-0000-0000-0000-00000000000c', '11111111-0000-0000-0000-00000000000c', 2, 'Dev', 'Note 12', GETDATE());
INSERT INTO TimeLogs (Id, WorkTaskId, UserId, Hours, WorkType, Note, LoggedAt) VALUES ('70707070-0000-0000-0000-00000000000d', '99999999-0000-0000-0000-00000000000d', '11111111-0000-0000-0000-00000000000d', 2, 'Dev', 'Note 13', GETDATE());
INSERT INTO TimeLogs (Id, WorkTaskId, UserId, Hours, WorkType, Note, LoggedAt) VALUES ('70707070-0000-0000-0000-00000000000e', '99999999-0000-0000-0000-00000000000e', '11111111-0000-0000-0000-00000000000e', 2, 'Dev', 'Note 14', GETDATE());
INSERT INTO TimeLogs (Id, WorkTaskId, UserId, Hours, WorkType, Note, LoggedAt) VALUES ('70707070-0000-0000-0000-00000000000f', '99999999-0000-0000-0000-00000000000f', '11111111-0000-0000-0000-00000000000f', 2, 'Dev', 'Note 15', GETDATE());
INSERT INTO TimeLogs (Id, WorkTaskId, UserId, Hours, WorkType, Note, LoggedAt) VALUES ('70707070-0000-0000-0000-000000000010', '99999999-0000-0000-0000-000000000010', '11111111-0000-0000-0000-000000000010', 2, 'Dev', 'Note 16', GETDATE());
INSERT INTO TimeLogs (Id, WorkTaskId, UserId, Hours, WorkType, Note, LoggedAt) VALUES ('70707070-0000-0000-0000-000000000011', '99999999-0000-0000-0000-000000000011', '11111111-0000-0000-0000-000000000011', 2, 'Dev', 'Note 17', GETDATE());
INSERT INTO TimeLogs (Id, WorkTaskId, UserId, Hours, WorkType, Note, LoggedAt) VALUES ('70707070-0000-0000-0000-000000000012', '99999999-0000-0000-0000-000000000012', '11111111-0000-0000-0000-000000000012', 2, 'Dev', 'Note 18', GETDATE());
INSERT INTO TimeLogs (Id, WorkTaskId, UserId, Hours, WorkType, Note, LoggedAt) VALUES ('70707070-0000-0000-0000-000000000013', '99999999-0000-0000-0000-000000000013', '11111111-0000-0000-0000-000000000013', 2, 'Dev', 'Note 19', GETDATE());
INSERT INTO TimeLogs (Id, WorkTaskId, UserId, Hours, WorkType, Note, LoggedAt) VALUES ('70707070-0000-0000-0000-000000000014', '99999999-0000-0000-0000-000000000014', '11111111-0000-0000-0000-000000000014', 2, 'Dev', 'Note 20', GETDATE());

